,Asite,Bsite,Type,At2g,Ap,Bt2g,Beg,Bp,Op,Bsite CS,Asite IP,Bsite IP,Asite d,Bsite d,Bsite atomic_radius,Asite exp_EA,Bsite exp_EA,GM,Asite Z,Work function
0,Rb,Al,B,0.0,-6.54587,0.0,0.0,7.45672,-0.61964,1.66,4.0528,5.7109,0.71,0.0,1.25,46.9,42.5,5.03624,37,7.39003
2,Rb,Ga,B,0.0,-6.725910000000002,0.99991,0.99823,6.506480000000002,-0.48998,1.68,4.0528,5.6565,0.71,0.17,1.3,46.9,28.9,5.02685,37,7.53396
4,Rb,In,B,0.0,-7.24127,0.99987,0.99196,6.315,-0.37424,1.6,4.0528,5.3782,0.71,0.36,1.55,46.9,28.9,4.99503,37,6.6936800000000005
6,Rb,Ge,B,0.0,-6.59927,0.99997,0.99941,4.5054,-0.79428,1.92,4.0528,7.4167,0.71,0.16,1.25,46.9,119.0,5.40527,37,7.5946
8,Rb,Sn,B,0.0,-7.17915,0.99993,0.99868,4.93922,-0.5934699999999999,1.84,4.0528,6.8885,0.71,0.345,1.45,46.9,107.3,5.33285,37,6.78685
10,Rb,Sb,B,0.0,-7.34127,0.99995,0.99906,2.85482,-1.15985,2.08,4.0528,8.3266,0.71,0.335,1.45,46.9,103.2,5.46279,37,6.22112
12,Cs,Sc,B,0.0,-4.64414,0.11245,0.20228,-25.23559,-0.49408,0.74,3.6887,6.8245,0.0,0.31,1.6,45.5,18.1,4.99877,55,6.70719
14,Cs,Ti,B,0.0,-4.46691,0.19559,0.27892,-32.481359999999995,-1.03025,0.79,3.6887,7.2564,0.0,0.28,1.4,45.5,7.6,5.03127,55,7.144539999999999
16,Cs,Zr,B,0.0,-4.65145,0.19003,0.28135,-24.75493,-0.49562,0.76,3.6887,6.8953,0.0,0.54,1.55,45.5,41.1,5.08551,55,6.47982
18,Cs,Hf,B,0.0,-4.6022,0.19346,0.28323000000000004,-28.3428,-0.49324,0.775,3.6887,7.6487,0.0,0.63,1.55,45.5,0.0,5.12945,55,6.48391
20,Cs,V,B,0.0,-4.44134,0.32018,0.33312,-38.74522,-1.59585,0.84,3.6887,6.4707,0.0,0.26,1.35,45.5,50.6,5.07428,55,6.3865
22,Cs,Nb,B,0.0,-5.09702,0.30027,0.35242,-31.23299,-1.65412,0.82,3.6887,6.275,0.0,0.51,1.45,45.5,86.1,5.18234,55,4.17325
24,Cs,Ta,B,0.0,-4.99026,0.27395,0.33759,-34.36057,-1.51941,0.83,3.6887,7.3632,0.0,0.605,1.45,45.5,31.0,5.21054,55,3.3595
26,Cs,Cr,B,0.0,-5.06323,0.50635,0.3656,-44.21988,-2.36036,0.89,3.6887,6.7401,0.0,0.25,1.4,45.5,64.3,5.10767,55,5.89829
28,Cs,Mo,B,0.0,-6.1124,0.47104,0.36978,-36.35599000000001,-3.05772,0.88,3.6887,6.4838,0.0,0.49,1.45,45.5,71.9,5.15617,55,4.23539
30,Cs,W,B,0.0,-6.7134399999999985,0.44029,0.35200000000000004,-39.84204,-3.64825,0.885,3.6887,7.6293,0.0,0.59,1.35,45.5,78.6,5.2820800000000006,55,3.53885
32,Cs,Mn,B,0.0,-5.0843,0.61534,0.38611,-49.05907,-2.35755,0.94,3.6887,8.2684,0.0,0.23,1.4,45.5,0.0,5.10767,55,6.30132
34,Cs,Re,B,0.0,-6.5353900000000005,0.5935699999999999,0.37206,-43.53932,-3.66456,0.94,3.6887,7.853,0.0,0.565,1.35,45.5,14.5,5.18751,55,4.31389
36,Cs,Fe,B,0.0,-4.99754,0.71786,0.46858,-53.89641,-2.14825,0.99,3.6887,8.5601,0.0,0.22,1.4,45.5,15.7,5.1978,55,6.76704
38,Cs,Al,B,0.0,-4.40747,0.0,0.0,6.61868,-0.83475,1.66,3.6887,5.7109,0.0,0.0,1.25,45.5,42.5,4.9654,55,7.24976
40,Cs,Ga,B,0.0,-4.36966,0.99985,0.99854,5.8097,-0.64291,1.68,3.6887,5.6565,0.0,0.17,1.3,45.5,28.9,4.95615,55,7.45282
42,Cs,In,B,0.0,-4.57146,0.99985,0.99486,5.8872800000000005,-0.41137,1.6,3.6887,5.3782,0.0,0.36,1.55,45.5,28.9,4.92478,55,6.833469999999998
44,Cs,Ge,B,0.0,-4.32793,0.99996,0.99943,3.80079,-0.98621,1.92,3.6887,7.4167,0.0,0.16,1.25,45.5,119.0,5.32924,55,7.6512
46,Cs,Sn,B,0.0,-4.47535,0.99993,0.99867,4.47444,-0.65031,1.84,3.6887,6.8885,0.0,0.345,1.45,45.5,107.3,5.25785,55,6.97935
48,Cs,Sb,B,0.0,-4.35582,0.99996,0.99916,2.55772,-0.99098,2.08,3.6887,8.3266,0.0,0.335,1.45,45.5,103.2,5.38595,55,6.57279
50,K,Zr,B,0.0,-10.55876,0.19241,0.28814,-24.17189,-0.4954,0.76,4.2663,6.8953,0.37,0.54,1.55,48.4,41.1,5.19285,19,6.27619
52,K,Hf,B,0.0,-10.47393,0.19636,0.29147,-27.68131,-0.49381,0.775,4.2663,7.6487,0.37,0.63,1.55,48.4,0.0,5.23772,19,6.29124
54,K,V,B,0.0,-10.31691,0.308,0.35577,-38.66192,-1.7607,0.84,4.2663,6.4707,0.37,0.26,1.35,48.4,50.6,5.18139,19,5.78998
56,K,Nb,B,0.0,-11.41973,0.2969,0.36146,-31.04743,-1.97087,0.82,4.2663,6.275,0.37,0.51,1.45,48.4,86.1,5.29173,19,3.4187800000000004
58,K,Ta,B,0.0,-11.11685,0.27318000000000003,0.34779,-33.86935,-1.6615400000000002,0.83,4.2663,7.3632,0.37,0.605,1.45,48.4,31.0,5.32052,19,2.66177
60,K,Cr,B,0.0,-10.85052,0.49195,0.39293,-44.31767,-2.52273,0.89,4.2663,6.7401,0.37,0.25,1.4,48.4,64.3,5.21548,19,5.57241
62,K,Mo,B,0.0,-12.46419,0.4671300000000001,0.3813,-36.32419,-3.44153,0.88,4.2663,6.4838,0.37,0.49,1.45,48.4,71.9,5.26501,19,3.6811
64,K,W,B,0.0,-13.18835,0.44141,0.36312,-39.77278,-4.15256,0.885,4.2663,7.6293,0.37,0.59,1.35,48.4,78.6,5.39357,19,2.98648
66,K,Mn,B,0.0,-10.66158,0.6036699999999999,0.41138,-49.31527,-2.49189,0.94,4.2663,8.2684,0.37,0.23,1.4,48.4,0.0,5.21548,19,6.05706
68,K,Re,B,0.0,-13.03292,0.58341,0.38412,-43.65698,-4.2377699999999985,0.94,4.2663,7.853,0.37,0.565,1.35,48.4,14.5,5.29701,19,3.736
71,K,In,B,0.0,-10.33147,0.99985,0.98987,6.4401,-0.4344,1.6,4.2663,5.3782,0.37,0.36,1.55,48.4,28.9,5.02873,19,6.50726
72,Rb,Zr,B,0.0,-7.44481,0.191,0.28517,-24.36633,-0.45072,0.76,4.0528,6.8953,0.71,0.54,1.55,46.9,41.1,5.15806,37,6.34799
74,Rb,Hf,B,0.0,-7.35688,0.19488,0.28705,-27.89984,-0.41654,0.775,4.0528,7.6487,0.71,0.63,1.55,46.9,0.0,5.20263,37,6.3587
76,Rb,V,B,0.0,-7.171360000000001,0.31135,0.34843,-38.65724,-1.57108,0.84,4.0528,6.4707,0.71,0.26,1.35,46.9,50.6,5.1466699999999985,37,6.04757
78,Rb,Nb,B,0.0,-7.481610000000001,0.29791,0.35791,-30.39181,-1.09901,0.82,4.0528,6.275,0.71,0.51,1.45,46.9,86.1,5.25627,37,3.65579
80,Rb,Ta,B,0.0,-8.61519,0.27332,0.34329,-34.68517,-2.19126,0.83,4.0528,7.3632,0.71,0.605,1.45,46.9,31.0,5.28487,37,2.89374
82,Rb,Cr,B,0.0,-7.77458,0.49723,0.38434,-44.29918,-2.37217,0.89,4.0528,6.7401,0.71,0.25,1.4,46.9,64.3,5.18053,37,5.75927
84,Rb,Mo,B,0.0,-9.23258,0.46523,0.37701,-36.34217,-3.25666,0.88,4.0528,6.4838,0.71,0.49,1.45,46.9,71.9,5.22973,37,3.89355
86,Rb,W,B,0.0,-9.92344,0.44234,0.35859,-39.80293,-3.9073,0.885,4.0528,7.6293,0.71,0.59,1.35,46.9,78.6,5.35743,37,3.18535
88,K,Fe,B,0.0,-10.34431,0.6955600000000001,0.48217,-54.26703000000001,-2.21383,0.99,4.2663,8.5601,0.37,0.22,1.4,48.4,15.7,5.30751,19,6.67705
90,K,Al,B,0.0,-9.4945,0.0,0.0,7.954160000000001,-0.6320899999999999,1.66,4.2663,5.7109,0.37,0.0,1.25,48.4,42.5,5.07022,19,7.28245
92,K,Ga,B,0.0,-9.71682,0.9999,0.99797,6.825,-0.49648,1.68,4.2663,5.6565,0.37,0.17,1.3,48.4,28.9,5.06076,19,7.41715
94,Rb,Mn,B,0.0,-7.64265,0.60928,0.40558,-49.24209000000001,-2.32379,0.94,4.0528,8.2684,0.71,0.23,1.4,46.9,0.0,5.18053,37,6.20463
96,Rb,Re,B,0.0,-9.75028,0.59008,0.37946,-43.62134,-3.9559,0.94,4.0528,7.853,0.71,0.565,1.35,46.9,14.5,5.26152,37,3.9475
98,Rb,Fe,B,0.0,-7.396339999999999,0.70577,0.48493,-54.14327,-2.0451900000000003,0.99,4.0528,8.5601,0.71,0.22,1.4,46.9,15.7,5.27195,37,6.764760000000001
100,Li,In,B,0.0,0.0,0.99977,0.98643,6.9299300000000015,-0.50948,1.6,5.3425,5.3782,0.0,0.36,1.55,59.6,28.9,5.25301,3,6.18409
102,Li,Ge,B,0.0,0.0,0.99994,0.99924,5.50064,-1.08526,1.92,5.3425,7.4167,0.0,0.16,1.25,59.6,119.0,5.68444,3,7.74786
104,Li,Sn,B,0.0,0.0,0.99989,0.99846,5.60222,-0.70055,1.84,5.3425,6.8885,0.0,0.345,1.45,59.6,107.3,5.6082800000000015,3,7.4623
106,Li,Sb,B,0.0,0.0,0.99991,0.99889,3.44562,-1.41666,2.08,5.3425,8.3266,0.0,0.335,1.45,59.6,103.2,5.74493,3,5.93565
108,Na,Sc,B,0.0,-21.45301,0.11892,0.21394,-24.26459,-0.45772,0.74,5.118,6.8245,0.0,0.31,1.6,52.8,18.1,5.27401,11,6.5051
110,Na,Ti,B,0.0,-21.29311,0.19399999999999998,0.2951,-31.63563,-1.02022,0.79,5.118,7.2564,0.0,0.28,1.4,52.8,7.6,5.3083,11,6.817260000000001
112,Na,Zr,B,0.0,-21.78466,0.19275,0.28978000000000004,-23.9508,-0.48262,0.76,5.118,6.8953,0.0,0.54,1.55,52.8,41.1,5.36552,11,6.32627
114,Na,Hf,B,0.0,-21.71622,0.19719,0.29185,-27.43933,-0.46078,0.775,5.118,7.6487,0.0,0.63,1.55,52.8,0.0,5.41188,11,6.33125
116,Na,V,B,0.0,-21.70433,0.30452,0.36263,-38.61561,-1.8625,0.84,5.118,6.4707,0.0,0.26,1.35,52.8,50.6,5.3536800000000015,11,5.3990800000000005
118,Na,Nb,B,0.0,-22.51647,0.29435,0.36316,-30.66517,-1.76518,0.82,5.118,6.275,0.0,0.51,1.45,52.8,86.1,5.46769,11,3.2549200000000003
120,Na,Ta,B,0.0,-23.84412,0.2719,0.34946,-35.09328,-3.05987,0.83,5.118,7.3632,0.0,0.605,1.45,52.8,31.0,5.49744,11,2.49519
122,Na,Cr,B,0.0,-22.24261,0.48549,0.4003,-44.3023,-2.6205,0.89,5.118,6.7401,0.0,0.25,1.4,52.8,64.3,5.3889,11,5.31901
124,Na,Mo,B,0.0,-23.90977,0.45895,0.38398,-36.28579000000001,-3.55884,0.88,5.118,6.4838,0.0,0.49,1.45,52.8,71.9,5.44007,11,3.44417
126,Na,W,B,0.0,-24.66649,0.43081,0.36543,-39.72481,-4.2706300000000015,0.885,5.118,7.6293,0.0,0.59,1.35,52.8,78.6,5.57291,11,2.77737
128,Na,Mn,B,0.0,-21.99934,0.60464,0.4113600000000001,-49.37508,-2.58188,0.94,5.118,8.2684,0.0,0.23,1.4,52.8,0.0,5.3889,11,5.8148
130,Na,Re,B,0.0,-24.54455,0.57623,0.38681,-43.68084,-4.39771,0.94,5.118,7.853,0.0,0.565,1.35,52.8,14.5,5.47315,11,3.49826
132,Na,Fe,B,0.0,-21.64192,0.6948300000000001,0.47785,-54.36163000000001,-2.33268,0.99,5.118,8.5601,0.0,0.22,1.4,52.8,15.7,5.48399,11,6.50062
134,Na,Al,B,0.0,-20.70893,0.0,0.0,8.70075,-0.68376,1.66,5.118,5.7109,0.0,0.0,1.25,52.8,42.5,5.23881,11,7.13503
136,Na,Ga,B,0.0,-20.92999,0.99985,0.9966,7.15245,-0.5816,1.68,5.118,5.6565,0.0,0.17,1.3,52.8,28.9,5.22904,11,7.233919999999999
138,Na,In,B,0.0,-21.53091,0.9998,0.98733,6.588210000000001,-0.51463,1.6,5.118,5.3782,0.0,0.36,1.55,52.8,28.9,5.19594,11,6.04142
141,Na,Sn,B,0.0,-21.51212,0.9999,0.99853,5.30999,-0.71768,1.84,5.118,6.8885,0.0,0.345,1.45,52.8,107.3,5.54735,11,6.6749
143,Na,Sb,B,0.0,-21.77711,0.99993,0.99894,3.22241,-1.41508,2.08,5.118,8.3266,0.0,0.335,1.45,52.8,103.2,5.68251,11,5.73599
145,K,Sc,B,0.0,-10.28696,0.11697,0.21012,-24.58241,-0.4643600000000001,0.74,4.2663,6.8245,0.37,0.31,1.6,48.4,18.1,5.10429,19,6.5510199999999985
147,K,Ti,B,0.0,-10.00721,0.19407,0.29004,-31.85946,-0.97053,0.79,4.2663,7.2564,0.37,0.28,1.4,48.4,7.6,5.13747,19,6.93032
149,Sr,Sb,B,0.0,-18.0138,0.99996,0.99937,0.09108,-3.67223,2.08,5.7777,8.3266,0.633,0.335,1.45,5.03,103.2,5.29392,38,4.83711
151,Ba,Sc,B,0.0,-9.69896,0.12433,0.21514,-24.76875,-0.56292,0.74,5.1752,6.8245,0.94,0.31,1.6,13.95,18.1,5.09582,56,5.9595699999999985
153,Ba,Ti,B,0.0,-10.22795,0.20018,0.29178000000000004,-33.20603,-2.0156400000000003,0.79,5.1752,7.2564,0.94,0.28,1.4,13.95,7.6,5.12895,56,5.4413800000000005
154,Ba,Zr,B,0.0,-11.89312,0.20502,0.29404,-26.3438,-2.53022,0.76,5.1752,6.8953,0.94,0.54,1.55,13.95,41.1,5.18424,56,3.34837
156,Ba,Hf,B,0.0,-11.5251,0.21097,0.29859,-29.654840000000004,-2.28168,0.775,5.1752,7.6487,0.94,0.63,1.55,13.95,0.0,5.22904,56,4.76742
158,Ba,V,B,0.0,-11.14497,0.36089,0.30464,-39.31815,-3.4009,0.84,5.1752,6.4707,0.94,0.26,1.35,13.95,50.6,5.1728,56,4.70284
160,Ba,Nb,B,0.0,-13.06138,0.38699,0.32416,-32.29305,-4.42655,0.82,5.1752,6.275,0.94,0.51,1.45,13.95,86.1,5.28296,56,2.71196
162,Ba,Ta,B,0.0,-13.61347,0.36819,0.31306,-35.99208,-5.0315699999999985,0.83,5.1752,7.3632,0.94,0.605,1.45,13.95,31.0,5.3117,56,2.22225
164,Ba,Cr,B,0.0,-10.7241,0.5332600000000001,0.34326,-44.20008,-3.21496,0.89,5.1752,6.7401,0.94,0.25,1.4,13.95,64.3,5.20683,56,5.110119999999998
166,Ba,Mo,B,0.0,-12.56,0.53354,0.34526,-36.29487,-4.31349,0.88,5.1752,6.4838,0.94,0.49,1.45,13.95,71.9,5.25627,56,3.25537
168,Ba,W,B,0.0,-13.22905,0.51441,0.32931,-39.71598,-4.99927,0.885,5.1752,7.6293,0.94,0.59,1.35,13.95,78.6,5.3846300000000005,56,2.76397
170,Ba,Mn,B,0.0,-10.23321,0.6359199999999999,0.36097,-48.92411,-2.8438,0.94,5.1752,8.2684,0.94,0.23,1.4,13.95,0.0,5.20683,56,5.7523800000000005
172,Ba,Re,B,0.0,-12.66683,0.65496,0.34945,-43.22499000000001,-4.6102300000000005,0.94,5.1752,7.853,0.94,0.565,1.35,13.95,14.5,5.28823,56,3.73165
174,Ba,Fe,B,0.0,-9.78154,0.7219,0.43102,-53.7556,-2.42426,0.99,5.1752,8.5601,0.94,0.22,1.4,13.95,15.7,5.29871,56,6.33615
177,Ba,Al,B,0.0,-8.674339999999999,0.0,0.0,6.4294400000000005,-0.71023,1.66,5.1752,5.7109,0.94,0.0,1.25,13.95,42.5,5.06181,56,7.0536
178,Ba,Ga,B,0.0,-9.0258,0.99989,0.99827,5.60503,-0.61149,1.68,5.1752,5.6565,0.94,0.17,1.3,13.95,28.9,5.05237,56,7.04028
180,Ba,In,B,0.0,-9.81801,0.99982,0.99061,5.34473,-0.54235,1.6,5.1752,5.3782,0.94,0.36,1.55,13.95,28.9,5.02039,56,5.88496
182,Ba,Ge,B,0.0,-9.04822,0.99996,0.99942,3.61042,-1.0719,1.92,5.1752,7.4167,0.94,0.16,1.25,13.95,119.0,5.43271,56,6.37345
185,Ba,Sb,B,0.0,-12.51829,0.99996,0.99941,0.31628,-3.19548,2.08,5.1752,8.3266,0.94,0.335,1.45,13.95,103.2,5.49052,56,4.76167
187,Y,W,B,0.15217999999999998,-24.9368,0.53289,0.32918000000000003,-39.43072,-5.74301,0.885,6.5236,7.6293,0.58,0.59,1.35,29.6,78.6,5.69996,39,2.54315
189,Y,Mn,B,0.15819,-23.72106,0.66662,0.30319,-48.51737,-4.28145,0.94,6.5236,8.2684,0.58,0.23,1.4,29.6,0.0,5.51175,39,4.05625
191,Y,Re,B,0.14394,-24.85248,0.6715300000000001,0.34185,-42.88504,-5.46235,0.94,6.5236,7.853,0.58,0.565,1.35,29.6,14.5,5.59791,39,2.94028
193,Y,Fe,B,0.15796,-23.02484,0.84385,0.33654,-53.35911,-3.69681,0.99,6.5236,8.5601,0.58,0.22,1.4,29.6,15.7,5.60901,39,4.69191
196,Y,Ga,B,0.14570999999999998,-23.7706,0.99968,0.99874,3.33,-3.13007,1.68,6.5236,5.6565,0.58,0.17,1.3,29.6,28.9,5.3482400000000005,39,5.55548
198,Y,In,B,0.13319,-24.37514,0.99944,0.99773,3.1562900000000003,-2.38377,1.6,6.5236,5.3782,0.58,0.36,1.55,29.6,28.9,5.31439,39,4.01368
200,Y,Ge,B,0.1287,-25.28961,0.99992,0.99942,0.35502,-5.2218,1.92,6.5236,7.4167,0.58,0.16,1.25,29.6,119.0,5.7508599999999985,39,5.21364
202,Y,Sn,B,0.11837,-25.42484,0.9998,0.99871,0.526,-4.85762,1.84,6.5236,6.8885,0.58,0.345,1.45,29.6,107.3,5.67381,39,4.93657
204,Y,Sb,B,0.1332,-25.52486,0.99992,0.99953,-0.10693,-4.1852,2.08,6.5236,8.3266,0.58,0.335,1.45,29.6,103.2,5.81205,39,2.78009
206,Li,Sc,B,0.0,0.0,0.12044,0.21598,-24.13025,-0.4598,0.74,5.3425,6.8245,0.0,0.31,1.6,59.6,18.1,5.33194,3,7.14642
208,Li,Ti,B,0.0,0.0,0.19423,0.29716,-31.53465,-1.04,0.79,5.3425,7.2564,0.0,0.28,1.4,59.6,7.6,5.36661,3,7.23332
210,Li,Zr,B,0.0,0.0,0.19349,0.29037,-23.8542,-0.47662,0.76,5.3425,6.8953,0.0,0.54,1.55,59.6,41.1,5.42446,3,6.891139999999999
212,Li,Hf,B,0.0,0.0,0.1984,0.29216,-27.33698,-0.44932,0.775,5.3425,7.6487,0.0,0.63,1.55,59.6,0.0,5.47133,3,6.85681
214,Li,V,B,0.0,0.0,0.30344,0.36538,-38.58387000000001,-1.90813,0.84,5.3425,6.4707,0.0,0.26,1.35,59.6,50.6,5.41248,3,5.94784
216,Li,Nb,B,0.0,0.0,0.29441,0.36403,-30.92432,-2.10077,0.82,5.3425,6.275,0.0,0.51,1.45,59.6,86.1,5.52775,3,4.3886
218,Li,Ta,B,0.0,0.0,0.27224,0.35004,-34.8632,-2.90805,0.83,5.3425,7.3632,0.0,0.605,1.45,59.6,31.0,5.55782,3,3.58711
220,Li,Cr,B,0.0,0.0,0.48104,0.4032,-44.29096,-2.67716,0.89,5.3425,6.7401,0.0,0.25,1.4,59.6,64.3,5.4481,3,5.51673
222,K,Ge,B,0.0,-9.68246,0.99997,0.99936,4.8235800000000015,-0.90109,1.92,4.2663,7.4167,0.37,0.16,1.25,48.4,119.0,5.44174,19,7.40428
224,K,Sn,B,0.0,-10.2859,0.99992,0.99863,5.12044,-0.65186,1.84,4.2663,6.8885,0.37,0.345,1.45,48.4,107.3,5.36883,19,6.63698
226,K,Sb,B,0.0,-10.48502,0.99995,0.99901,2.99638,-1.30102,2.08,4.2663,8.3266,0.37,0.335,1.45,48.4,103.2,5.49964,19,6.0743800000000014
228,Rb,Sc,B,0.0,-7.23638,0.11476,0.20605,-24.84574,-0.43085,0.74,4.0528,6.8245,0.71,0.31,1.6,46.9,18.1,5.07009,37,6.6437
230,Rb,Ti,B,0.0,-6.9131399999999985,0.19415,0.28537,-32.059670000000004,-0.88235,0.79,4.0528,7.2564,0.71,0.28,1.4,46.9,7.6,5.10305,37,7.03799
232,Li,Mo,B,0.0,0.0,0.45703,0.38509,-36.26548,-3.60999,0.88,5.3425,6.4838,0.0,0.49,1.45,59.6,71.9,5.49983,3,3.95845
234,Li,W,B,0.0,0.0,0.43082,0.36636,-39.70431,-4.32199,0.885,5.3425,7.6293,0.0,0.59,1.35,59.6,78.6,5.63413,3,3.20293
236,Li,Mn,B,0.0,0.0,0.59843,0.41315,-49.37794,-2.63575,0.94,5.3425,8.2684,0.0,0.23,1.4,59.6,0.0,5.4481,3,6.04079
238,Li,Re,B,0.0,0.0,0.58005,0.38772,-43.68314,-4.46995,0.94,5.3425,7.853,0.0,0.565,1.35,59.6,14.5,5.53326,3,2.32409
240,Li,Fe,B,0.0,0.0,0.69294,0.47433,-54.39139,-2.41134,0.99,5.3425,8.5601,0.0,0.22,1.4,59.6,15.7,5.5442300000000015,3,6.574319999999998
242,Li,Al,B,0.0,0.0,0.0,0.0,9.08165,-0.73245,1.66,5.3425,5.7109,0.0,0.0,1.25,59.6,42.5,5.29635,3,7.40945
244,Li,Ga,B,0.0,0.0,0.99982,0.99628,7.55505,-0.59387,1.68,5.3425,5.6565,0.0,0.17,1.3,59.6,28.9,5.28647,3,7.82003
246,Ca,Fe,B,0.0,-20.33502,0.74907,0.43371,-53.95036999999999,-2.96626,0.99,6.2588,8.5601,0.34,0.22,1.4,2.37,15.7,5.2073,20,5.94761
248,Ca,Al,B,0.0,-19.08963,0.0,0.0,7.479430000000002,-0.87372,1.66,6.2588,5.7109,0.34,0.0,1.25,2.37,42.5,4.974480000000002,20,6.640439999999999
250,Ca,Ga,B,0.0,-19.61148,0.99984,0.99758,5.72804,-0.84062,1.68,6.2588,5.6565,0.34,0.17,1.3,2.37,28.9,4.96521,20,6.39007
252,Ca,In,B,0.0,-20.638070000000006,0.99975,0.98672,5.15241,-0.80235,1.6,6.2588,5.3782,0.34,0.36,1.55,2.37,28.9,4.9337800000000005,20,4.97732
254,Ca,Ge,B,0.0,-19.75071,0.99995,0.99931,3.87988,-1.56252,1.92,6.2588,7.4167,0.34,0.16,1.25,2.37,119.0,5.33899,20,5.6391300000000015
256,Ca,Sn,B,0.0,-21.60726,0.99987,0.99863,3.09601,-2.12317,1.84,6.2588,6.8885,0.34,0.345,1.45,2.37,107.3,5.26746,20,4.61704
257,Ca,Sb,B,0.0,-23.99589,0.99995,0.99936,-0.09496,-4.02399,2.08,6.2588,8.3266,0.34,0.335,1.45,2.37,103.2,5.3958,20,4.83805
259,Sr,Sc,B,0.0,-14.7246,0.12742,0.22098,-24.39078,-0.63344,0.74,5.7777,6.8245,0.633,0.31,1.6,5.03,18.1,4.91335,38,5.54452
261,Sr,Ti,B,0.0,-15.1888,0.1998,0.29886,-32.8896,-2.0884400000000003,0.79,5.7777,7.2564,0.633,0.28,1.4,5.03,7.6,4.9453,38,5.20355
263,Sr,Zr,B,0.0,-16.48961,0.20671,0.29847,-25.56024,-2.09364,0.76,5.7777,6.8953,0.633,0.54,1.55,5.03,41.1,4.99861,38,2.93109
264,Sr,Hf,B,0.0,-15.980620000000002,0.21326,0.31009000000000003,-28.696690000000004,-1.7575599999999998,0.775,5.7777,7.6487,0.633,0.63,1.55,5.03,0.0,5.0418,38,3.89555
266,Sr,V,B,0.0,-16.30046,0.36314,0.31326,-39.28539,-3.72367,0.84,5.7777,6.4707,0.633,0.26,1.35,5.03,50.6,4.98757,38,4.33512
268,Sr,Nb,B,0.0,-18.37017,0.38771,0.32883,-32.24708,-4.73543,0.82,5.7777,6.275,0.633,0.51,1.45,5.03,86.1,5.09379,38,2.30532
270,Sr,Ta,B,0.0,-18.92582,0.3723,0.3189,-35.93282,-5.38389,0.83,5.7777,7.3632,0.633,0.605,1.45,5.03,31.0,5.1215,38,1.93566
272,Sr,Cr,B,0.0,-15.86866,0.52955,0.35278000000000004,-44.26219,-3.57164,0.89,5.7777,6.7401,0.633,0.25,1.4,5.03,64.3,5.02039,38,4.74219
274,Sr,Mo,B,0.0,-17.87552,0.52866,0.35037,-36.31132,-4.65846,0.88,5.7777,6.4838,0.633,0.49,1.45,5.03,71.9,5.06806,38,2.82578
276,Sr,W,B,0.0,-18.55873,0.5092899999999999,0.33523000000000003,-39.71043,-5.39291,0.885,5.7777,7.6293,0.633,0.59,1.35,5.03,78.6,5.19182,38,2.4279900000000003
278,Sr,Mn,B,0.0,-15.23901,0.64405,0.36364,-49.00403,-3.1467,0.94,5.7777,8.2684,0.633,0.23,1.4,5.03,0.0,5.02039,38,5.47036
280,Sr,Re,B,0.0,-17.99052,0.64954,0.35513,-43.26747,-5.021719999999998,0.94,5.7777,7.853,0.633,0.565,1.35,5.03,14.5,5.09887,38,3.4283900000000003
282,Sr,Fe,B,0.0,-14.70754,0.74425,0.43369,-53.88757,-2.70962,0.99,5.7777,8.5601,0.633,0.22,1.4,5.03,15.7,5.10898,38,6.14534
284,Sr,Al,B,0.0,-13.48251,0.0,0.0,7.1398199999999985,-0.72635,1.66,5.7777,5.7109,0.633,0.0,1.25,5.03,42.5,4.88056,38,6.84072
286,Sr,Ga,B,0.0,-13.953,0.99987,0.99816,5.91757,-0.66764,1.68,5.7777,5.6565,0.633,0.17,1.3,5.03,28.9,4.87146,38,6.72353
288,Sr,In,B,0.0,-14.9122,0.99978,0.98829,5.39806,-0.6708,1.6,5.7777,5.3782,0.633,0.36,1.55,5.03,28.9,4.84062,38,5.41098
290,Sr,Ge,B,0.0,-14.08978,0.99996,0.99935,3.84583,-1.33412,1.92,5.7777,7.4167,0.633,0.16,1.25,5.03,119.0,5.238180000000002,38,6.02705
292,Sr,Sn,B,0.0,-15.48954,0.99989,0.99859,3.57485,-1.59075,1.84,5.7777,6.8885,0.633,0.345,1.45,5.03,107.3,5.167999999999999,38,5.08577
294,Y,Cr,B,0.15936,-24.27939,0.57925,0.30752,-43.77915,-4.68805,0.89,6.5236,6.7401,0.58,0.25,1.4,29.6,64.3,5.51175,39,3.2164200000000003
296,Ca,V,B,0.0,-22.03619,0.36066,0.31885,-39.2541,-3.969,0.84,6.2588,6.4707,0.34,0.26,1.35,2.37,50.6,5.0835599999999985,20,4.00782
298,Ca,Nb,B,0.0,-24.06465,0.38644,0.33307,-32.21526,-4.91364,0.82,6.2588,6.275,0.34,0.51,1.45,2.37,86.1,5.19182,20,1.97665
300,Ca,Ta,B,0.0,-24.47878,0.36793,0.34943,-35.87489,-5.65931,0.83,6.2588,7.3632,0.34,0.605,1.45,2.37,31.0,5.22006,20,2.0373
302,Ca,Cr,B,0.0,-21.59973,0.52794,0.35864,-44.28081,-3.83968,0.89,6.2588,6.7401,0.34,0.25,1.4,2.37,64.3,5.11701,20,4.3887
304,Ca,Mo,B,0.0,-23.61258,0.5303399999999999,0.35477,-36.316,-4.88296,0.88,6.2588,6.4838,0.34,0.49,1.45,2.37,71.9,5.16559,20,2.45911
306,Y,Mo,B,0.14938,-24.90831,0.55735,0.33491,-35.96511,-5.18791,0.88,6.5236,6.4838,0.58,0.49,1.45,29.6,71.9,5.56409,39,2.35282
308,Mg,Mo,B,0.0,-45.59309,0.51398,0.36044,-36.24762,-4.62113,0.88,7.9081,6.4838,0.0,0.49,1.45,0.0,71.9,5.74701,12,2.17964
310,Mg,W,B,0.0,-45.59351,0.48511,0.34814,-39.62801,-5.06803,0.885,7.9081,7.6293,0.0,0.59,1.35,0.0,78.6,5.88735,12,2.74331
312,Mg,Mn,B,0.0,-43.80407,0.61244,0.36782,-49.05941,-3.54432,0.94,7.9081,8.2684,0.0,0.23,1.4,0.0,0.0,5.69295,12,4.7411
314,Mg,Re,B,0.0,-45.51039,0.62856,0.36587,-43.27832,-4.94359,0.94,7.9081,7.853,0.0,0.565,1.35,0.0,14.5,5.78195,12,1.98406
316,Mg,Fe,B,0.0,-43.12478,0.76474,0.41578,-53.96308000000001,-3.06868,0.99,7.9081,8.5601,0.0,0.22,1.4,0.0,15.7,5.79341,12,6.15372
318,Mg,Al,B,0.0,-41.95682,0.0,0.0,7.846660000000001,-1.06694,1.66,7.9081,5.7109,0.0,0.0,1.25,0.0,42.5,5.53439,12,5.98134
320,Mg,Ga,B,0.0,-42.36496,0.99976,0.99732,5.84307,-0.96163,1.68,7.9081,5.6565,0.0,0.17,1.3,0.0,28.9,5.52407,12,5.80996
322,Mg,In,B,0.0,-43.19085,0.99962,0.98454,5.3360400000000014,-0.8728299999999999,1.6,7.9081,5.3782,0.0,0.36,1.55,0.0,28.9,5.4891,12,4.29122
324,Mg,Ge,B,0.0,-43.44707,0.99992,0.99926,3.07316,-2.50076,1.92,7.9081,7.4167,0.0,0.16,1.25,0.0,119.0,5.93992,12,4.70825
326,Ca,Sc,B,0.0,-20.40456,0.12942,0.22505,-24.1573,-0.7128800000000001,0.74,6.2588,6.8245,0.34,0.31,1.6,2.37,18.1,5.00791,20,5.04725
328,Ca,Ti,B,0.0,-20.20471,0.19969,0.30339,-32.07318,-1.5586,0.79,6.2588,7.2564,0.34,0.28,1.4,2.37,7.6,5.04047,20,4.39414
331,Ca,Hf,B,0.0,-21.18859,0.21436,0.36654,-28.01553,-1.53774,0.775,6.2588,7.6487,0.34,0.63,1.55,2.37,0.0,5.1388300000000005,20,2.15642
333,Ca,W,B,0.0,-24.18091,0.5120899999999999,0.34226,-39.71102,-5.62449,0.885,6.2588,7.6293,0.34,0.59,1.35,2.37,78.6,5.29173,20,2.46116
335,Ca,Mn,B,0.0,-20.90227,0.61712,0.36586,-49.0442,-3.40303,0.94,6.2588,8.2684,0.34,0.23,1.4,2.37,0.0,5.11701,20,5.2226300000000005
337,Ca,Re,B,0.0,-23.67897,0.6502399999999999,0.3609,-43.28082,-5.27219,0.94,6.2588,7.853,0.34,0.565,1.35,2.37,14.5,5.197,20,3.20282
339,La,W,B,0.29822,-17.41648,0.55498,0.88005,-39.40346,-6.44157,0.885,4.8037,7.6293,0.8740000000000001,0.59,1.35,48.0,78.6,5.66742,57,2.47761
342,La,Ge,B,0.1838,-17.76326,0.99994,0.9997,-10.69155,-5.63216,1.92,4.8037,7.4167,0.8740000000000001,0.16,1.25,48.0,119.0,5.7180300000000015,57,5.098319999999998
343,La,Sn,B,0.16201,-18.07758,0.99985,0.99921,-10.59139,-5.49191,1.84,4.8037,6.8885,0.8740000000000001,0.345,1.45,48.0,107.3,5.6414300000000015,57,4.85532
345,La,Sb,B,0.1765,-18.09456,0.99994,0.99982,-8.70702,-4.95455,2.08,4.8037,8.3266,0.8740000000000001,0.335,1.45,48.0,103.2,5.77888,57,3.30544
347,Mg,Sc,B,0.0,-42.98259,0.13052,0.22763000000000005,-23.98304,-0.7357899999999999,0.74,7.9081,6.8245,0.0,0.31,1.6,0.0,18.1,5.57158,12,4.32307
349,Mg,Ti,B,0.0,-43.35379,0.19879,0.30686,-32.32845,-1.96349,0.79,7.9081,7.2564,0.0,0.28,1.4,0.0,7.6,5.6078,12,3.4569300000000003
351,Mg,Zr,B,0.0,-43.5985,0.20721,0.30166,-24.07266,-0.93888,0.76,7.9081,6.8953,0.0,0.54,1.55,0.0,41.1,5.66825,12,1.97031
352,Mg,Hf,B,0.0,-43.5037,0.21589,0.30678,-27.556890000000006,-0.93863,0.775,7.9081,7.6487,0.0,0.63,1.55,0.0,0.0,5.717230000000002,12,2.18531
353,Mg,V,B,0.0,-44.92968,0.3578,0.32267,-39.21177,-4.07921,0.84,7.9081,6.4707,0.0,0.26,1.35,0.0,50.6,5.65574,12,3.20269
355,Mg,Nb,B,0.0,-45.55111,0.34807,0.34098,-32.14041,-4.42695,0.82,7.9081,6.275,0.0,0.51,1.45,0.0,86.1,5.77618,12,2.18134
357,Mg,Ta,B,0.0,-45.45644,0.32026,0.33406,-35.91938,-4.8405,0.83,7.9081,7.3632,0.0,0.605,1.45,0.0,31.0,5.80761,12,2.4213400000000003
359,Mg,Cr,B,0.0,-44.50813,0.53033,0.36207,-44.24678,-3.95061,0.89,7.9081,6.7401,0.0,0.25,1.4,0.0,64.3,5.69295,12,3.70686
361,Y,Sc,B,0.14776,-23.78057,0.12625999999999998,0.23389,-25.41654,-2.18611,0.74,6.5236,6.8245,0.58,0.31,1.6,29.6,18.1,5.39424,39,3.92353
363,Y,Ti,B,0.15696,-24.85804,0.24179,0.26606,-34.02543,-4.89594,0.79,6.5236,7.2564,0.58,0.28,1.4,29.6,7.6,5.42931,39,1.6880000000000002
365,Y,Zr,B,0.1423,-25.13096,0.22438,0.3217,-27.48399,-4.93562,0.76,6.5236,6.8953,0.58,0.54,1.55,29.6,41.1,5.48784,39,3.26096
367,Y,Hf,B,0.14237,-25.07323,0.22656,0.35087,-31.40581,-5.28376,0.775,6.5236,7.6487,0.58,0.63,1.55,29.6,0.0,5.53526,39,3.35376
369,La,Mn,B,0.6149600000000001,-15.95112,0.68188,0.30186,-48.51406,-4.530869999999998,0.94,4.8037,8.2684,0.8740000000000001,0.23,1.4,48.0,0.0,5.48029,57,4.58119
371,La,Re,B,0.3547,-17.280829999999998,0.6975600000000001,0.6107100000000001,-42.84901,-6.18647,0.94,4.8037,7.853,0.8740000000000001,0.565,1.35,48.0,14.5,5.56596,57,3.08389
373,La,Fe,B,0.63545,-15.33451,0.7959,0.33673000000000003,-53.34404,-3.98661,0.99,4.8037,8.5601,0.8740000000000001,0.22,1.4,48.0,15.7,5.577000000000001,57,5.2016
375,La,Al,B,0.16329000000000002,-14.771070000000002,0.0,0.0,3.43485,-2.46563,1.66,4.8037,5.7109,0.8740000000000001,0.0,1.25,48.0,42.5,5.32765,57,6.361000000000001
377,La,Ga,B,0.18647,-15.13262,0.99976,0.99941,-10.54364,-2.82801,1.68,4.8037,5.6565,0.8740000000000001,0.17,1.3,48.0,28.9,5.31772,57,6.2165
379,La,In,B,0.15346,-17.06164,0.99952,0.99928,-11.40089,-3.39295,1.6,4.8037,5.3782,0.8740000000000001,0.36,1.55,48.0,28.9,5.28406,57,4.65224
381,Y,V,B,0.16077,-24.63861,0.40506,0.27699,-38.98784000000001,-4.98614,0.84,6.5236,6.4707,0.58,0.26,1.35,29.6,50.6,5.47572,39,2.40807
383,Y,Nb,B,0.15192999999999998,-24.99061,0.39954,0.32031,-31.98703,-5.2289900000000005,0.82,6.5236,6.275,0.58,0.51,1.45,29.6,86.1,5.5923300000000005,39,1.91296
385,Y,Ta,B,0.15295,-24.94132,0.3704,0.33622,-35.67517,-5.74611,0.83,6.5236,7.3632,0.58,0.605,1.45,29.6,31.0,5.62276,39,2.41405
387,Cr,Hf,B,0.35621,-43.23208,0.20765,0.44079,-28.87911,-2.8916,0.775,6.7401,7.6487,0.25,0.63,1.55,64.3,0.0,5.70805,24,3.86684
389,Cr,V,B,0.3453,-43.31044,0.35218,0.32375,-39.0954,-4.13375,0.84,6.7401,6.4707,0.25,0.26,1.35,64.3,50.6,5.64666,24,3.99378
391,Cr,Nb,B,0.36406,-43.01538,0.33314,0.39013,-31.96974,-4.3477,0.82,6.7401,6.275,0.25,0.51,1.45,64.3,86.1,5.76691,24,4.93526
393,Cr,Ta,B,0.4256,-42.94679,0.30525,0.41676,-35.59558,-4.8583300000000005,0.83,6.7401,7.3632,0.25,0.605,1.45,64.3,31.0,5.79829,24,4.575
395,Cr,Cr,B,0.36873,-43.69616,0.36873,0.6207,-43.69616,-4.22111,0.89,6.7401,6.7401,0.25,0.25,1.4,64.3,64.3,5.68382,24,4.0709
396,Cr,Cr,B,0.36873,-43.69616,0.36873,0.6207,-43.69616,-4.22111,0.89,6.7401,6.7401,0.25,0.25,1.4,64.3,64.3,5.68382,24,4.0709
399,Cr,Mo,B,0.36814,-43.08713,0.49481,0.37466,-36.25089000000001,-4.5263,0.88,6.7401,6.4838,0.25,0.49,1.45,64.3,71.9,5.73779,24,3.83259
401,Cr,W,B,0.38073,-42.98579,0.45833,0.40272,-39.68269,-5.23373,0.885,6.7401,7.6293,0.25,0.59,1.35,64.3,78.6,5.8779,24,3.62054
403,Cr,Mn,B,0.35864,-43.43425,0.66325,0.34163000000000004,-48.74391,-4.22039,0.94,6.7401,8.2684,0.25,0.23,1.4,64.3,0.0,5.68382,24,4.30258
405,Cr,Re,B,0.35447,-43.07109000000001,0.60902,0.38965,-43.36328,-5.12023,0.94,6.7401,7.853,0.25,0.565,1.35,64.3,14.5,5.77267,24,5.83129
407,Cr,Fe,B,0.36971,-43.52459,0.81013,0.36473,-53.72685,-4.10066,0.99,6.7401,8.5601,0.25,0.22,1.4,64.3,15.7,5.78411,24,4.99298
409,Cr,Al,B,0.36043,-43.55373,0.0,0.0,6.366630000000002,-2.48832,1.66,6.7401,5.7109,0.25,0.0,1.25,64.3,42.5,5.5255,24,3.75186
411,Cr,Ga,B,0.36275,-43.5499,0.99961,0.99883,2.7341900000000003,-2.3817,1.68,6.7401,5.6565,0.25,0.17,1.3,64.3,28.9,5.5152,24,3.92914
413,Cr,In,B,0.4135,-43.45807,0.99944,0.99427,3.4185,-1.65318,1.6,6.7401,5.3782,0.25,0.36,1.55,64.3,28.9,5.48029,24,4.56829
415,Cr,Ge,B,0.38989,-43.26388,0.99994,0.99933,0.02615,-4.33214,1.92,6.7401,7.4167,0.25,0.16,1.25,64.3,119.0,5.93039,24,4.26082
417,Cr,Sn,B,0.37762,-43.23682,0.99985,0.99872,1.48784,-3.17407,1.84,6.7401,6.8885,0.25,0.345,1.45,64.3,107.3,5.85093,24,4.53271
419,Cr,Sb,B,0.41972,-43.02394,0.99996,0.99918,-0.33915,-4.21321,2.08,6.7401,8.3266,0.25,0.335,1.45,64.3,103.2,5.99349,24,3.4319900000000003
421,La,Sc,B,0.20114,-15.57955,0.19225,0.97682,-25.18868,-2.29624,0.74,4.8037,6.8245,0.8740000000000001,0.31,1.6,48.0,18.1,5.36345,57,4.48916
423,La,Ti,B,0.36784,-17.34824,0.26561,0.5062,-34.03867,-5.50102,0.79,4.8037,7.2564,0.8740000000000001,0.28,1.4,48.0,7.6,5.39832,57,2.3302400000000003
425,La,Zr,B,0.21873,-17.78805,0.3359,0.97761,-27.42724,-5.57891,0.76,4.8037,6.8953,0.8740000000000001,0.54,1.55,48.0,41.1,5.4565199999999985,57,2.4007
427,La,Hf,B,0.20205,-17.76301,0.35378000000000004,0.97442,-31.38831,-5.91143,0.775,4.8037,7.6487,0.8740000000000001,0.63,1.55,48.0,0.0,5.50366,57,3.05749
429,La,V,B,0.42921,-16.98953,0.41201,0.43299,-39.02559,-5.52332,0.84,4.8037,6.4707,0.8740000000000001,0.26,1.35,48.0,50.6,5.44447,57,3.04768
431,La,Nb,B,0.2791,-17.53156,0.43467,0.96166,-32.00437,-5.9276,0.82,4.8037,6.275,0.8740000000000001,0.51,1.45,48.0,86.1,5.56041,57,1.68911
433,La,Ta,B,0.28088,-17.53691,0.42783,0.97053,-35.62247,-6.32714,0.83,4.8037,7.3632,0.8740000000000001,0.605,1.45,48.0,31.0,5.5906699999999985,57,2.07842
435,La,Cr,B,0.5362399999999999,-16.51047,0.58111,0.32882,-43.80767,-5.03169,0.89,4.8037,6.7401,0.8740000000000001,0.25,1.4,48.0,64.3,5.48029,57,3.80387
437,La,Mo,B,0.34921,-17.34703,0.57694,0.62797,-35.98259,-5.8985,0.88,4.8037,6.4838,0.8740000000000001,0.49,1.45,48.0,71.9,5.53233,57,2.44937
439,V,Sc,B,0.27052,-39.19868,0.12846,0.29099,-24.55072,-1.94044,0.74,6.4707,6.8245,0.26,0.31,1.6,50.6,18.1,5.52628,23,3.98478
441,V,Ti,B,0.22512,-38.92998,0.20623,0.29853,-33.582609999999995,-3.78299,0.79,6.4707,7.2564,0.26,0.28,1.4,50.6,7.6,5.5622099999999985,23,3.67404
443,V,Zr,B,0.23293000000000005,-38.84874,0.20332,0.40139,-25.80998,-3.23869,0.76,6.4707,6.8953,0.26,0.54,1.55,50.6,41.1,5.62216,23,3.6592
445,V,Hf,B,0.24206,-38.83754,0.21068,0.43539,-29.40813,-3.41598,0.775,6.4707,7.6487,0.26,0.63,1.55,50.6,0.0,5.67074,23,3.60952
447,V,V,B,0.2119,-38.99542,0.2119,0.51977,-38.99542,-4.37084,0.84,6.4707,6.4707,0.26,0.26,1.35,50.6,50.6,5.60975,23,3.7457
448,V,V,B,0.2119,-38.99542,0.2119,0.51977,-38.99542,-4.37084,0.84,6.4707,6.4707,0.26,0.26,1.35,50.6,50.6,5.60975,23,3.7457
451,V,Nb,B,0.27131,-38.63685,0.34787,0.38569,-32.00793,-4.61268,0.82,6.4707,6.275,0.26,0.51,1.45,50.6,86.1,5.72922,23,4.9435699999999985
453,V,Ta,B,0.27654,-38.56019000000001,0.3177,0.4091,-35.64177,-5.1216300000000015,0.83,6.4707,7.3632,0.26,0.605,1.45,50.6,31.0,5.76039,23,4.54609
455,V,Cr,B,0.22981,-38.99691,0.54577,0.34632,-43.99357,-4.42535,0.89,6.4707,6.7401,0.26,0.25,1.4,50.6,64.3,5.64666,23,4.41348
457,V,Mo,B,0.19946,-38.71438,0.5007,0.36633,-36.21157,-4.70417,0.88,6.4707,6.4838,0.26,0.49,1.45,50.6,71.9,5.70028,23,3.58348
459,V,W,B,0.22791,-38.5963,0.47009,0.39784,-39.63302,-5.4217900000000006,0.885,6.4707,7.6293,0.26,0.59,1.35,50.6,78.6,5.83948,23,4.01049
461,V,Mn,B,0.2423,-39.07277,0.68212,0.33447,-48.67983,-4.38407,0.94,6.4707,8.2684,0.26,0.23,1.4,50.6,0.0,5.64666,23,4.41346
463,V,Re,B,0.23677,-38.70727,0.62379,0.37816,-43.27848,-5.22441,0.94,6.4707,7.853,0.26,0.565,1.35,50.6,14.5,5.73494,23,3.94014
465,V,Fe,B,0.23948000000000005,-39.18543,0.8241,0.35479,-53.64975,-4.28716,0.99,6.4707,8.5601,0.26,0.22,1.4,50.6,15.7,5.7463,23,4.7009300000000005
467,V,Al,B,0.28359,-39.19248,0.0,0.0,5.938280000000002,-2.82754,1.66,6.4707,5.7109,0.26,0.0,1.25,50.6,42.5,5.48939,23,3.2837300000000003
469,V,Ga,B,0.27076,-39.20959000000001,0.9996,0.99883,2.33601,-2.68678,1.68,6.4707,5.6565,0.26,0.17,1.3,50.6,28.9,5.47915,23,3.35094
471,V,In,B,0.26705,-39.15861,0.99936,0.99629,3.18361,-1.7865400000000002,1.6,6.4707,5.3782,0.26,0.36,1.55,50.6,28.9,5.44447,23,2.8644700000000003
473,V,Ge,B,0.25193000000000004,-38.87006,0.99994,0.99934,-0.29706,-4.70606,1.92,6.4707,7.4167,0.26,0.16,1.25,50.6,119.0,5.89162,23,4.0248599999999985
475,V,Sn,B,0.23654,-38.84781,0.99985,0.99872,1.00125,-3.65987,1.84,6.4707,6.8885,0.26,0.345,1.45,50.6,107.3,5.81269,23,4.40257
476,V,Sb,B,0.2869,-38.67726,0.99996,0.99922,-0.1575,-4.2666900000000005,2.08,6.4707,8.3266,0.26,0.335,1.45,50.6,103.2,5.95431,23,3.24396
478,Cr,Sc,B,0.3724,-43.51279,0.12641,0.29675,-24.3281,-1.70426,0.74,6.7401,6.8245,0.25,0.31,1.6,64.3,18.1,5.56264,24,4.24679
480,Cr,Ti,B,0.354,-43.31339000000001,0.20172,0.30178,-33.32077,-3.37977,0.79,6.7401,7.2564,0.25,0.28,1.4,64.3,7.6,5.5988,24,4.0662699999999985
482,Cr,Zr,B,0.35397,-43.23731,0.2001,0.41009,-25.30783,-2.74037,0.76,6.7401,6.8953,0.25,0.54,1.55,64.3,41.1,5.65916,24,3.95076
484,Zn,Cr,B,0.99953,-80.30941,0.5110399999999999,0.37219,-44.20075,-3.60045,0.89,9.6186,6.7401,0.175,0.25,1.4,0.0,64.3,5.89119,30,3.84121
486,Zn,Ta,B,0.99939,-80.02566,0.27379000000000003,0.46847,-35.66205,-4.1555300000000015,0.83,9.6186,7.3632,0.175,0.605,1.45,0.0,31.0,6.0098400000000005,30,4.04359
488,Zn,V,B,0.99958,-80.51123,0.33522,0.3352,-39.19139000000001,-3.5951699999999995,0.84,9.6186,6.4707,0.175,0.26,1.35,0.0,50.6,5.85269,30,3.48016
490,Zn,Nb,B,0.99946,-80.10461,0.29839,0.44705,-32.04656,-3.79499,0.82,9.6186,6.275,0.175,0.51,1.45,0.0,86.1,5.97732,30,4.2415
492,Zn,Hf,B,0.99954,-79.90406999999998,0.21179,0.46554,-27.66806,-1.44826,0.775,9.6186,7.6487,0.175,0.63,1.55,0.0,0.0,5.91632,30,3.40669
494,Zn,Zr,B,0.9996,-79.92494,0.20208,0.44696,-24.1786,-1.38361,0.76,9.6186,6.8953,0.175,0.54,1.55,0.0,41.1,5.86564,30,2.85908
496,Zn,Ti,B,0.99961,-79.8225,0.19632,0.326,-32.06815,-1.80952,0.79,9.6186,7.2564,0.175,0.28,1.4,0.0,7.6,5.8030800000000005,30,3.61243
498,Zn,Sc,B,0.99959,-79.53971,0.12641,0.34367,-24.08843,-1.06564,0.74,9.6186,6.8245,0.175,0.31,1.6,0.0,18.1,5.76559,30,4.85541
500,Ag,Sb,B,0.98857,-52.24312000000001,0.99995,0.99906,2.29673,-1.80449,2.08,7.1384,8.3266,0.385,0.335,1.45,125.6,103.2,6.20937,47,6.02048
502,Ag,Sn,B,0.9759,-52.67831,0.99989,0.99872,3.53588,-1.21417,1.84,7.1384,6.8885,0.385,0.345,1.45,125.6,107.3,6.06168,47,7.09622
504,Ag,In,B,0.97586,-52.75572,0.9997,0.98972,4.88237,-0.8470799999999999,1.6,7.1384,5.3782,0.385,0.36,1.55,125.6,28.9,5.67769,47,4.95955
506,Ag,Ga,B,0.95066,-53.23746,0.99975,0.99848,4.18976,-1.2653,1.68,7.1384,5.6565,0.385,0.17,1.3,125.6,28.9,5.71386,47,6.4456
508,Ag,Al,B,0.95688,-53.46165,0.0,0.0,7.0914899999999985,-1.2667700000000002,1.66,7.1384,5.7109,0.385,0.0,1.25,125.6,42.5,5.7245300000000015,47,6.71045
510,Ag,Fe,B,0.97359,-53.60978000000001,0.7258899999999999,0.45169,-54.20267,-2.85372,0.99,7.1384,8.5601,0.385,0.22,1.4,125.6,15.7,5.99245,47,6.32915
512,Ag,Mn,B,0.98209,-53.58866999999999,0.62239,0.38907,-49.2763,-3.05432,0.94,7.1384,8.2684,0.385,0.23,1.4,125.6,0.0,5.88854,47,5.77503
514,Ag,Re,B,0.99744,-54.62926,0.5837899999999999,0.3887,-43.68717,-4.52937,0.94,7.1384,7.853,0.385,0.565,1.35,125.6,14.5,5.9806,47,3.7078
516,Ag,W,B,0.99662,-54.70045,0.43293,0.39198,-39.78967,-4.48043,0.885,7.1384,7.6293,0.385,0.59,1.35,125.6,78.6,6.08962,47,3.03548
518,Ag,Cr,B,0.98754,-53.33902,0.50157,0.38429,-44.23269000000001,-2.91059,0.89,7.1384,6.7401,0.385,0.25,1.4,125.6,64.3,5.88854,47,5.34975
520,Ag,Mo,B,0.99647,-54.1311,0.46488,0.38341,-36.33019,-3.64388,0.88,7.1384,6.4838,0.385,0.49,1.45,125.6,71.9,5.9444599999999985,47,3.61149
522,Ag,Nb,B,0.99484,-53.59737,0.29708,0.38211,-31.56811,-2.77558,0.82,7.1384,6.275,0.385,0.51,1.45,125.6,86.1,5.97464,47,3.5774800000000004
524,Mn,Ti,B,0.45873,-47.82393,0.19847,0.3041,-33.029720000000005,-2.99946,0.79,8.2684,7.2564,0.23,0.28,1.4,0.0,7.6,5.5988,25,4.40692
526,Mn,Zr,B,0.46174,-47.73735,0.20005,0.4151,-24.91838,-2.33812,0.76,8.2684,6.8953,0.23,0.54,1.55,0.0,41.1,5.65916,25,4.26405
527,Mn,Sc,B,0.44127,-47.95606,0.1258,0.30039,-24.19807,-1.54735,0.74,8.2684,6.8245,0.23,0.31,1.6,0.0,18.1,5.56264,25,4.73947
529,Ag,V,B,0.98893,-52.70601,0.31356,0.35118,-38.74279,-2.24306,0.84,7.1384,6.4707,0.385,0.26,1.35,125.6,50.6,5.85005,47,5.48131
531,Ag,Ta,B,0.99492,-53.84255,0.27226,0.41018,-35.02718,-3.29874,0.83,7.1384,7.3632,0.385,0.605,1.45,125.6,31.0,6.00714,47,3.2534
533,Mn,Hf,B,0.4567100000000001,-47.73703,0.20779,0.44479,-28.47071,-2.47445,0.775,8.2684,7.6487,0.23,0.63,1.55,0.0,0.0,5.70805,25,4.162
535,Cd,Al,B,0.99822,-61.78228000000001,0.0,0.0,6.55583,-1.09128,1.66,8.6893,5.7109,0.37,0.0,1.25,0.0,42.5,5.695880000000002,48,6.4973800000000015
537,Cd,Fe,B,0.99864,-62.70642,0.70428,0.4063,-53.85321999999999,-3.02591,0.99,8.6893,8.5601,0.37,0.22,1.4,0.0,15.7,5.96246,48,5.9431400000000005
539,Cd,Re,B,0.99948,-63.96064000000001,0.60715,0.4115,-43.43464,-4.85685,0.94,8.6893,7.853,0.37,0.565,1.35,0.0,14.5,5.95067,48,3.84387
541,Cd,Mn,B,0.99905,-63.31608000000001,0.63981,0.36263,-49.04297,-3.45996,0.94,8.6893,8.2684,0.37,0.23,1.4,0.0,0.0,5.85907,48,5.27902
543,Cd,W,B,0.99929,-64.01957,0.45044,0.42159,-39.83245,-4.9384,0.885,8.6893,7.6293,0.37,0.59,1.35,0.0,78.6,6.05914,48,3.14556
545,Cd,Mo,B,0.99935,-64.10454,0.49472,0.39867,-36.29749,-4.31142,0.88,8.6893,6.4838,0.37,0.49,1.45,0.0,71.9,5.91471,48,3.29662
547,Cd,Ta,B,0.99898,-64.05659,0.29601,0.43581,-35.89022999999999,-4.56439,0.83,8.6893,7.3632,0.37,0.605,1.45,0.0,31.0,5.97708,48,3.4960400000000003
549,Cd,V,B,0.99929,-64.00056,0.34236,0.32271,-39.20655,-3.73421,0.84,8.6893,6.4707,0.37,0.26,1.35,0.0,50.6,5.82078,48,4.15486
551,Cd,Nb,B,0.99909,-64.08429,0.32551,0.41421,-32.1522,-4.11691,0.82,8.6893,6.275,0.37,0.51,1.45,0.0,86.1,5.94473,48,3.55879
553,Cd,Hf,B,0.99899,-62.88564,0.21264,0.45452,-27.79773,-1.44107,0.775,8.6893,7.6487,0.37,0.63,1.55,0.0,0.0,5.88406,48,4.16712
554,Cd,Ti,B,0.99923,-62.60762,0.1968,0.30383000000000004,-32.22179000000001,-1.69462,0.79,8.6893,7.2564,0.37,0.28,1.4,0.0,7.6,5.77144,48,5.05675
556,Cd,Zr,B,0.99914,-62.94731,0.20336,0.43458,-24.29308,-1.38363,0.76,8.6893,6.8953,0.37,0.54,1.55,0.0,41.1,5.83365,48,3.96439
558,Cd,Sc,B,0.99915,-62.41464000000001,0.12625,0.31513,-24.21598,-1.01694,0.74,8.6893,6.8245,0.37,0.31,1.6,0.0,18.1,5.73416,48,5.48151
560,Zn,Sb,B,0.99959,-80.25488,0.99992,0.9991,-0.7105899999999999,-3.72106,2.08,9.6186,8.3266,0.175,0.335,1.45,0.0,103.2,6.21217,30,4.7807900000000005
562,Zn,Ge,B,0.99953,-79.5627,0.9999,0.99935,1.25312,-2.21889,1.92,9.6186,7.4167,0.175,0.16,1.25,0.0,119.0,6.14676,30,4.48962
563,Zn,Sn,B,0.99966,-79.78858000000002,0.99975,0.99874,2.0812,-1.56752,1.84,9.6186,6.8885,0.175,0.345,1.45,0.0,107.3,6.06441,30,3.71832
564,Zn,Ga,B,0.99944,-79.22140999999998,0.99967,0.99778,2.9803,-1.3793799999999998,1.68,9.6186,5.6565,0.175,0.17,1.3,0.0,28.9,5.71643,30,3.97434
566,Zn,In,B,0.99968,-79.59685,0.99938,0.98656,3.09499,-1.15601,1.6,9.6186,5.3782,0.175,0.36,1.55,0.0,28.9,5.68025,30,4.81687
568,Zn,Fe,B,0.99915,-79.59895999999998,0.7278399999999999,0.40694,-53.92024,-3.13115,0.99,9.6186,8.5601,0.175,0.22,1.4,0.0,15.7,5.99515,30,6.3102800000000006
570,Zn,Al,B,0.99915,-79.05897,0.0,0.0,6.96926,-1.25284,1.66,9.6186,5.7109,0.175,0.0,1.25,0.0,42.5,5.72711,30,5.9188
572,Zn,Re,B,0.99968,-79.94071,0.58506,0.4315100000000001,-43.49542,-4.74373,0.94,9.6186,7.853,0.175,0.565,1.35,0.0,14.5,5.98329,30,3.7987
574,Zn,Mn,B,0.99938,-79.95661,0.6360600000000001,0.37121,-49.06197,-3.4814300000000005,0.94,9.6186,8.2684,0.175,0.23,1.4,0.0,0.0,5.89119,30,4.76927
576,Zn,W,B,0.99959,-79.98173,0.43595,0.44597,-39.62884,-4.6197599999999985,0.885,9.6186,7.6293,0.175,0.59,1.35,0.0,78.6,6.09236,30,3.4090300000000004
578,Zn,Mo,B,0.99962,-80.07938,0.47051,0.42425,-36.33314,-4.1413400000000005,0.88,9.6186,6.4838,0.175,0.49,1.45,0.0,71.9,5.9471300000000005,30,3.78433
580,Hg,Sc,B,0.99773,-61.67259,0.12103,0.2928,-24.40501,-0.96678,0.74,8.6343,6.8245,0.475,0.31,1.6,0.0,18.1,5.88015,80,5.765630000000002
582,Cd,Sb,B,0.99927,-64.06984,0.99994,0.9992,-0.98509,-3.88199,2.08,8.6893,8.3266,0.37,0.335,1.45,0.0,103.2,6.1783,48,4.96544
584,Cd,Sn,B,0.9992,-62.69793000000001,0.99982,0.99875,2.13296,-1.5048,1.84,8.6893,6.8885,0.37,0.345,1.45,0.0,107.3,6.03134,48,4.70787
586,Cd,Ge,B,0.99905,-62.34799,0.99993,0.99937,1.32306,-2.07382,1.92,8.6893,7.4167,0.37,0.16,1.25,0.0,119.0,6.11325,48,5.66437
588,Cd,In,B,0.99921,-62.51323000000001,0.99958,0.98736,3.18696,-1.07342,1.6,8.6893,5.3782,0.37,0.36,1.55,0.0,28.9,5.64928,48,5.01455
590,Cd,Ga,B,0.99879,-61.99348000000001,0.99979,0.99849,2.97715,-1.2513,1.68,8.6893,5.6565,0.37,0.17,1.3,0.0,28.9,5.68526,48,6.23837
592,Ag,Zr,B,0.98472,-52.6954,0.19296,0.37288,-24.17321,-1.07412,0.76,7.1384,6.8953,0.385,0.54,1.55,125.6,41.1,5.8629999999999995,47,5.73505
594,Ag,Hf,B,0.98711,-52.70567,0.19957,0.40609,-27.69493,-1.18033,0.775,7.1384,7.6487,0.385,0.63,1.55,125.6,0.0,5.91366,47,5.89475
596,Ag,Ti,B,0.97979,-52.893980000000006,0.19427,0.29575,-32.05915,-1.49042,0.79,7.1384,7.2564,0.385,0.28,1.4,125.6,7.6,5.80047,47,6.52341
598,Ag,Sc,B,0.97408,-53.0128,0.1194,0.23739,-24.32422,-0.8503299999999999,0.74,7.1384,6.8245,0.385,0.31,1.6,125.6,18.1,5.763,47,4.73557
600,Mn,Sb,B,0.5434,-47.5006,0.99995,0.99914,-0.4058,-4.11179,2.08,8.2684,8.3266,0.23,0.335,1.45,0.0,103.2,5.99349,25,3.62029
602,Mn,Sn,B,0.52576,-47.74751,0.99983,0.99873,1.82439,-2.73064,1.84,8.2684,6.8885,0.23,0.345,1.45,0.0,107.3,5.85093,25,4.53736
604,Mn,Ge,B,0.49853,-47.79876,0.99993,0.99933,0.34989000000000003,-3.90418,1.92,8.2684,7.4167,0.23,0.16,1.25,0.0,119.0,5.93039,25,4.23957
606,Mn,In,B,0.478,-47.89567,0.99933,0.99113,3.54541,-1.54411,1.6,8.2684,5.3782,0.23,0.36,1.55,0.0,28.9,5.48029,25,4.94551
608,Mn,Ga,B,0.50267,-48.0216,0.99957,0.99883,2.96663,-2.1584,1.68,8.2684,5.6565,0.23,0.17,1.3,0.0,28.9,5.5152,25,4.56834
611,Mn,Fe,B,0.52055,-47.96525,0.805,0.37574,-53.8007,-3.92211,0.99,8.2684,8.5601,0.23,0.22,1.4,0.0,15.7,5.78411,25,5.2567
612,Mn,Re,B,0.5020899999999999,-47.52287000000001,0.60138,0.39615,-43.43377,-5.01313,0.94,8.2684,7.853,0.23,0.565,1.35,0.0,14.5,5.77267,25,5.82346
614,Mn,Mn,B,0.49704,-48.35095,0.49704,0.6369,-48.35095,-4.06033,0.94,8.2684,8.2684,0.23,0.23,1.4,0.0,0.0,5.68382,25,4.65609
615,Mn,Mn,B,0.49704,-48.35095,0.49704,0.6369,-48.35095,-4.06033,0.94,8.2684,8.2684,0.23,0.23,1.4,0.0,0.0,5.68382,25,4.65609
618,Mn,W,B,0.47698,-47.46821,0.44655,0.40805,-39.72989000000001,-5.0757900000000005,0.885,8.2684,7.6293,0.23,0.59,1.35,0.0,78.6,5.8779,25,3.34337
620,Mn,Mo,B,0.45562,-47.55646,0.48224,0.38006,-36.28046,-4.35961,0.88,8.2684,6.4838,0.23,0.49,1.45,0.0,71.9,5.73779,25,4.0572599999999985
622,Mn,Cr,B,0.4526,-47.81848,0.51585,0.35982,-44.06286,-4.05172,0.89,8.2684,6.7401,0.23,0.25,1.4,0.0,64.3,5.68382,25,4.33437
624,Mn,Al,B,0.48385,-48.04536,0.0,0.0,6.55147,-2.25532,1.66,8.2684,5.7109,0.23,0.0,1.25,0.0,42.5,5.5255,25,4.1471800000000005
626,Mn,Ta,B,0.5283800000000001,-47.44441,0.29567,0.42393,-35.56735,-4.63506,0.83,8.2684,7.3632,0.23,0.605,1.45,0.0,31.0,5.79829,25,4.57033
628,Mn,Nb,B,0.48786,-47.50594,0.32353000000000004,0.39733,-31.95444,-4.12641,0.82,8.2684,6.275,0.23,0.51,1.45,0.0,86.1,5.76691,25,4.96139
630,Mn,V,B,0.45047,-47.79067,0.34058,0.33044,-39.11351,-3.92352,0.84,8.2684,6.4707,0.23,0.26,1.35,0.0,50.6,5.64666,25,6.11134
632,Tl,Cr,B,0.99892,4.19569,0.49935,0.35734,-44.10879,-2.71462,0.89,5.273,6.7401,0.46299999999999997,0.25,1.4,19.2,64.3,5.5152,81,5.35806
634,Tl,W,B,0.99898,2.66288,0.4289,0.35373000000000004,-39.82015,-3.77084,0.885,5.273,7.6293,0.46299999999999997,0.59,1.35,19.2,78.6,5.70352,81,3.2885699999999995
636,Ga,Zr,B,0.99985,3.91321,0.18555,0.29365,-24.1819,-0.69096,0.76,5.6565,6.8953,0.17,0.54,1.55,28.9,41.1,5.49127,31,6.57327
638,Ga,Ti,B,0.99985,3.71175,0.18604,0.30012,-32.25977,-1.52947,0.79,5.6565,7.2564,0.17,0.28,1.4,28.9,7.6,5.43271,31,5.0175800000000015
640,Ga,Sc,B,0.99986,3.9694,0.11438,0.22253,-24.21741,-0.62144,0.74,5.6565,6.8245,0.17,0.31,1.6,28.9,18.1,5.39762,31,3.645480000000001
642,Cd,Cr,B,0.99925,-63.75036,0.52856,0.36033,-44.20343,-3.67847,0.89,8.6893,6.7401,0.37,0.25,1.4,0.0,64.3,5.85907,48,4.4448300000000005
644,Ag,Ge,B,0.96902,-53.02606,0.99996,0.99936,2.39309,-1.86277,1.92,7.1384,7.4167,0.385,0.16,1.25,125.6,119.0,6.144,47,6.934189999999999
646,Hg,Sb,B,0.99805,-62.43001,0.99993,0.99915,-0.0813,-3.17285,2.08,8.6343,8.3266,0.475,0.335,1.45,0.0,103.2,6.3356,80,4.85085
648,Hg,Sn,B,0.99797,-61.84474,0.99976,0.99878,2.67,-1.40697,1.84,8.6343,6.8885,0.475,0.345,1.45,0.0,107.3,6.1849,80,5.17647
650,Hg,Ge,B,0.9976,-61.73311,0.99992,0.99939,1.70255,-1.95304,1.92,8.6343,7.4167,0.475,0.16,1.25,0.0,119.0,6.26889,80,5.95614
652,Hg,In,B,0.9979,-61.64127,0.99938,0.98908,4.087,-0.96653,1.6,8.6343,5.3782,0.475,0.36,1.55,0.0,28.9,5.79311,80,5.39727
654,Hg,Ga,B,0.99664,-61.48073,0.9997,0.99867,3.65498,-1.22415,1.68,8.6343,5.6565,0.475,0.17,1.3,0.0,28.9,5.83001,80,6.43201
656,Hg,Al,B,0.99486,-61.42993000000001,0.0,0.0,6.88622,-1.11205,1.66,8.6343,5.7109,0.475,0.0,1.25,0.0,42.5,5.8409,80,6.588310000000001
658,Hg,Fe,B,0.99532,-61.83894,0.75183,0.42087,-53.84326,-2.85366,0.99,8.6343,8.5601,0.475,0.22,1.4,0.0,15.7,6.1142699999999985,80,6.12885
660,Hg,Re,B,0.99846,-62.22354,0.5806899999999999,0.38942,-43.45059000000001,-4.20377,0.94,8.6343,7.853,0.475,0.565,1.35,0.0,14.5,6.10217,80,4.10162
662,Hg,Mn,B,0.99653,-62.07888000000001,0.64008,0.36262,-48.98481,-3.1331,0.94,8.6343,8.2684,0.475,0.23,1.4,0.0,0.0,6.00825,80,5.5789800000000005
664,Hg,W,B,0.99794,-62.22606999999999,0.41934,0.40347,-39.67987,-4.13431,0.885,8.6343,7.6293,0.475,0.59,1.35,0.0,78.6,6.2134,80,3.79239
666,Hg,Mo,B,0.99822,-62.27478000000001,0.47037,0.37851,-36.25094,-3.57765,0.88,8.6343,6.4838,0.475,0.49,1.45,0.0,71.9,6.0653,80,4.17267
668,Hg,Cr,B,0.99734,-62.34757,0.498,0.36325,-44.19338,-3.2633,0.89,8.6343,6.7401,0.475,0.25,1.4,0.0,64.3,6.00825,80,5.03336
670,Hg,Ta,B,0.99737,-62.32914,0.27203,0.42099,-35.51335,-3.61784,0.83,8.6343,7.3632,0.475,0.605,1.45,0.0,31.0,6.12925,80,4.62161
672,Hg,Nb,B,0.99752,-62.30356999999999,0.29821,0.39654,-32.08614,-3.32234,0.82,8.6343,6.275,0.475,0.51,1.45,0.0,86.1,6.09609,80,4.76114
674,Hg,V,B,0.99771,-62.52924,0.3328,0.32973,-39.27007,-3.24369,0.84,8.6343,6.4707,0.475,0.26,1.35,0.0,50.6,5.96897,80,4.92997
676,Hg,Hf,B,0.99755,-61.9504,0.20548,0.44007,-27.9394,-1.36345,0.775,8.6343,7.6487,0.475,0.63,1.55,0.0,0.0,6.0338699999999985,80,4.9435
678,Hg,Zr,B,0.99785,-61.94354000000001,0.19664,0.41612,-24.41723,-1.29152,0.76,8.6343,6.8953,0.475,0.54,1.55,0.0,41.1,5.9821800000000005,80,4.87596
680,Hg,Ti,B,0.99797,-61.89654,0.19375,0.30034,-32.33888,-1.62566,0.79,8.6343,7.2564,0.475,0.28,1.4,0.0,7.6,5.91838,80,5.7091
682,Ge,In,B,0.99994,2.47628,0.99974,0.98611,5.81489,-0.76405,1.6,7.4167,5.3782,0.16,0.36,1.55,119.0,28.9,5.7180300000000015,32,4.9151099999999985
684,Ge,Al,B,0.99987,3.40337,0.0,0.0,8.66665,-0.8753299999999999,1.66,7.4167,5.7109,0.16,0.0,1.25,119.0,42.5,5.76521,32,5.59546
686,Ge,Ga,B,0.99992,3.1886,0.99983,0.99831,6.2358400000000005,-0.75522,1.68,7.4167,5.6565,0.16,0.17,1.3,119.0,28.9,5.75446,32,5.732
688,Ge,Fe,B,0.99996,1.61078,0.7438100000000001,0.38856,-53.78168,-2.87475,0.99,7.4167,8.5601,0.16,0.22,1.4,119.0,15.7,6.03503,32,5.15004
690,Ge,Mn,B,0.99996,1.10325,0.63185,0.35415,-48.93289,-3.25671,0.94,7.4167,8.2684,0.16,0.23,1.4,119.0,0.0,5.93039,32,4.75968
692,Ge,Re,B,0.99997,-0.47481,0.59731,0.36647,-43.28233,-4.58194,0.94,7.4167,7.853,0.16,0.565,1.35,119.0,14.5,6.02309,32,3.84502
694,Ge,Cr,B,0.99996,0.61503,0.51339,0.35294000000000003,-44.16207,-3.57057,0.89,7.4167,6.7401,0.16,0.25,1.4,119.0,64.3,5.93039,32,3.94379
696,Ge,Mo,B,0.99996,-0.31122,0.49575,0.36085,-36.17683,-4.16461,0.88,7.4167,6.4838,0.16,0.49,1.45,119.0,71.9,5.9867,32,2.5923700000000003
698,Ge,W,B,0.99996,-0.51962,0.44765,0.35044000000000003,-39.6547,-4.63134,0.885,7.4167,7.6293,0.16,0.59,1.35,119.0,78.6,6.13289,32,2.62965
700,Ge,Ta,B,0.99994,-0.43297,0.29888000000000003,0.33583,-35.78671,-4.31237,0.83,7.4167,7.3632,0.16,0.605,1.45,119.0,31.0,6.04982,32,3.5003800000000003
702,Ge,V,B,0.99996,0.12406,0.34835,0.31533,-39.2541,-3.77058,0.84,7.4167,6.4707,0.16,0.26,1.35,119.0,50.6,5.89162,32,3.49568
704,Ge,Nb,B,0.99995,-0.3147,0.32709,0.34345,-32.17154,-4.01259,0.82,7.4167,6.275,0.16,0.51,1.45,119.0,86.1,6.0170900000000005,32,3.89949
706,Ge,Hf,B,0.99993,1.161,0.19576,0.32381,-28.39513,-1.64915,0.775,7.4167,7.6487,0.16,0.63,1.55,119.0,0.0,5.95568,32,3.3184400000000003
708,Ge,Zr,B,0.99995,0.71604,0.18915,0.29929,-25.22301,-1.8859,0.76,7.4167,6.8953,0.16,0.54,1.55,119.0,41.1,5.90466,32,3.02794
710,Ge,Ti,B,0.99995,1.11418,0.18662,0.30103,-33.08605,-2.3761400000000004,0.79,7.4167,7.2564,0.16,0.28,1.4,119.0,7.6,5.84169,32,3.9565
712,Tl,Sb,B,0.99898,4.64146,0.99994,0.99911,2.2939,-1.85985,2.08,5.273,8.3266,0.46299999999999997,0.335,1.45,19.2,103.2,5.81569,81,5.90757
714,Ge,Sc,B,0.99995,2.33495,0.11629,0.22253,-24.11773,-0.56409,0.74,7.4167,6.8245,0.16,0.31,1.6,119.0,18.1,5.80395,32,5.39283
716,Tl,Ge,B,0.99862,4.82857,0.99993,0.99937,3.64487,-1.92486,1.92,5.273,7.4167,0.46299999999999997,0.16,1.25,19.2,119.0,5.75446,81,5.6513300000000015
718,Tl,In,B,0.99893,5.20816,0.99909,0.99022,6.63455,-0.6190100000000001,1.6,5.273,5.3782,0.46299999999999997,0.36,1.55,19.2,28.9,5.31772,81,4.95376
720,Tl,Sn,B,0.99887,4.87752,0.99978,0.99864,4.7718,-1.13321,1.84,5.273,6.8885,0.46299999999999997,0.345,1.45,19.2,107.3,5.67736,81,5.33426
722,Tl,Fe,B,0.99879,4.39764,0.76348,0.4098,-53.72319,-2.4798400000000003,0.99,5.273,8.5601,0.46299999999999997,0.22,1.4,19.2,15.7,5.61252,81,6.13477
724,Tl,Ga,B,0.99852,5.59362,0.99949,0.9988,6.69623,-0.77853,1.68,5.273,5.6565,0.46299999999999997,0.17,1.3,19.2,28.9,5.35159,81,5.77949
726,Tl,Al,B,0.99812,5.87619,0.0,0.0,8.35365,-0.95594,1.66,5.273,5.7109,0.46299999999999997,0.0,1.25,19.2,42.5,5.3615900000000005,81,6.21991
728,Tl,Mn,B,0.99881,4.215330000000002,0.62175,0.3544,-48.91663,-2.71083,0.94,5.273,8.2684,0.46299999999999997,0.23,1.4,19.2,0.0,5.5152,81,5.72769
730,Tl,Re,B,0.99915,2.81625,0.57867,0.37271,-43.50524,-3.78417,0.94,5.273,7.853,0.46299999999999997,0.565,1.35,19.2,14.5,5.60142,81,4.0709300000000015
732,Sn,Ta,B,0.99979,-0.27288,0.32059,0.32376,-35.93032,-4.56085,0.83,6.8885,7.3632,0.345,0.605,1.45,107.3,31.0,5.96877,50,2.49292
734,Sn,Mo,B,0.99984,0.08331000000000001,0.50529,0.34919,-36.21629,-4.2643900000000015,0.88,6.8885,6.4838,0.345,0.49,1.45,107.3,71.9,5.90649,50,2.78418
736,Sn,Nb,B,0.9998,-0.08177999999999999,0.35465,0.33044,-32.12818,-4.17531,0.82,6.8885,6.275,0.345,0.51,1.45,107.3,86.1,5.93647,50,2.28554
738,Sn,V,B,0.99984,1.08322,0.35521,0.30641,-39.28784,-3.58745,0.84,6.8885,6.4707,0.345,0.26,1.35,107.3,50.6,5.81269,50,4.0240800000000005
740,Sn,Hf,B,0.99974,1.36114,0.1963,0.30187,-29.29924,-2.17133,0.775,6.8885,7.6487,0.345,0.63,1.55,107.3,0.0,5.87588,50,4.27392
742,Sn,Zr,B,0.9998,2.30315,0.1898,0.29559,-24.69569,-1.08633,0.76,6.8885,6.8953,0.345,0.54,1.55,107.3,41.1,5.82555,50,3.2729
744,Sn,Sc,B,0.99982,2.85772,0.11636,0.2226,-24.35896,-0.64512,0.74,6.8885,6.8245,0.345,0.31,1.6,107.3,18.1,5.72619,50,4.84774
746,Ga,Ge,B,0.99979,4.043819999999998,0.99991,0.99931,3.85425,-2.04438,1.92,5.6565,7.4167,0.17,0.16,1.25,28.9,119.0,5.75446,31,5.14757
748,Sn,Ti,B,0.99982,1.43386,0.18803,0.29515,-33.86819000000001,-2.86438,0.79,6.8885,7.2564,0.345,0.28,1.4,107.3,7.6,5.76342,50,4.66235
750,Ge,Sb,B,0.99996,-0.29705,0.99997,0.99923,0.36588,-3.83392,2.08,7.4167,8.3266,0.16,0.335,1.45,119.0,103.2,6.25349,32,4.56381
752,Ga,In,B,0.99985,4.40883,0.99912,0.98759,6.50365,-0.72245,1.6,5.6565,5.3782,0.17,0.36,1.55,28.9,28.9,5.31772,31,3.53205
754,Ga,Ga,B,0.99978,5.59075,0.99978,0.99984,5.59075,-0.91611,1.68,5.6565,5.6565,0.17,0.17,1.3,28.9,28.9,5.35159,31,4.7356099999999985
755,Ga,Ga,B,0.99978,5.59075,0.99978,0.99984,5.59075,-0.91611,1.68,5.6565,5.6565,0.17,0.17,1.3,28.9,28.9,5.35159,31,4.7356099999999985
758,Ga,Fe,B,0.99984,3.52195,0.75047,0.39775,-53.85188,-2.7505900000000003,0.99,5.6565,8.5601,0.17,0.22,1.4,28.9,15.7,5.61252,31,4.99437
760,Ga,Al,B,0.9997,4.84504,0.0,0.0,9.05816,-1.09916,1.66,5.6565,5.7109,0.17,0.0,1.25,28.9,42.5,5.3615900000000005,31,4.619680000000002
762,Ga,Re,B,0.99986,2.02647,0.57686,0.37908,-43.5547,-4.10685,0.94,5.6565,7.853,0.17,0.565,1.35,28.9,14.5,5.60142,31,3.76729
764,Ga,W,B,0.99984,1.92042,0.42916,0.35977,-39.76121,-4.03495,0.885,5.6565,7.6293,0.17,0.59,1.35,28.9,78.6,5.70352,31,3.03695
766,Ga,Mn,B,0.99984,3.36412,0.61727,0.36522,-49.00384,-2.97234,0.94,5.6565,8.2684,0.17,0.23,1.4,28.9,0.0,5.5152,31,5.4337300000000015
768,Ga,Cr,B,0.99985,3.39786,0.49379,0.36882,-44.14833,-2.94323,0.89,5.6565,6.7401,0.17,0.25,1.4,28.9,64.3,5.5152,31,4.98962
770,Ga,Mo,B,0.99984,2.60065,0.45247,0.37666,-36.29505,-3.4031,0.88,5.6565,6.4838,0.17,0.49,1.45,28.9,71.9,5.56757,31,3.6919999999999997
772,Ga,Ta,B,0.99979,2.60858,0.26107,0.34529,-35.36306,-3.03329,0.83,5.6565,7.3632,0.17,0.605,1.45,28.9,31.0,5.62628,31,2.91161
774,Ga,V,B,0.99985,3.54264,0.31683,0.33597,-38.94985,-2.59927,0.84,5.6565,6.4707,0.17,0.26,1.35,28.9,50.6,5.47915,31,5.16506
776,Ga,Hf,B,0.99981,3.9298,0.19255,0.29878000000000005,-27.68473,-0.71417,0.775,5.6565,7.6487,0.17,0.63,1.55,28.9,0.0,5.53872,31,6.49829
778,Ga,Nb,B,0.9998,3.25149,0.28467,0.35891,-31.574720000000006,-2.43213,0.82,5.6565,6.275,0.17,0.51,1.45,28.9,86.1,5.59583,31,3.61458
780,Ge,Ge,B,0.99992,3.37171,0.99992,0.99997,3.37171,-1.44747,1.92,7.4167,7.4167,0.16,0.16,1.25,119.0,119.0,6.18765,32,5.46623
781,Ge,Ge,B,0.99992,3.37171,0.99992,0.99997,3.37171,-1.44747,1.92,7.4167,7.4167,0.16,0.16,1.25,119.0,119.0,6.18765,32,5.46623
784,In,Mn,B,0.99957,3.39075,0.6591199999999999,0.34027,-48.76713,-3.14828,0.94,5.3782,8.2684,0.36,0.23,1.4,28.9,0.0,5.48029,49,5.00472
786,In,Cr,B,0.99957,3.32185,0.501,0.3455,-43.97481,-3.19026,0.89,5.3782,6.7401,0.36,0.25,1.4,28.9,64.3,5.48029,49,4.53183
788,In,Re,B,0.99962,2.47521,0.59121,0.36977,-43.41663,-3.96641,0.94,5.3782,7.853,0.36,0.565,1.35,28.9,14.5,5.56596,49,3.9666
790,In,W,B,0.99953,2.45291,0.42847,0.35303,-39.77474,-3.8873,0.885,5.3782,7.6293,0.36,0.59,1.35,28.9,78.6,5.66742,49,3.27571
792,In,Mo,B,0.99955,2.94079,0.46428,0.3672,-36.25793,-3.38383,0.88,5.3782,6.4838,0.36,0.49,1.45,28.9,71.9,5.53233,49,3.83613
794,In,V,B,0.99958,3.18289,0.33583,0.31623,-39.10104000000001,-3.11895,0.84,5.3782,6.4707,0.36,0.26,1.35,28.9,50.6,5.44447,49,4.56503
796,In,Ta,B,0.99941,2.81237,0.26172,0.33954,-35.75867,-3.22077,0.83,5.3782,7.3632,0.36,0.605,1.45,28.9,31.0,5.5906699999999985,49,3.11064
798,In,Nb,B,0.99946,3.1003700000000003,0.29388000000000003,0.35051,-32.04014,-2.91227,0.82,5.3782,6.275,0.36,0.51,1.45,28.9,86.1,5.56041,49,3.76184
800,In,Hf,B,0.99943,3.47514,0.19479,0.29771,-28.57348,-1.44697,0.775,5.3782,7.6487,0.36,0.63,1.55,28.9,0.0,5.50366,49,4.4361
802,In,Zr,B,0.99953,3.45689,0.18779,0.29482,-24.9626,-1.36169,0.76,5.3782,6.8953,0.36,0.54,1.55,28.9,41.1,5.4565199999999985,49,4.42096
804,In,Sc,B,0.99957,3.99524,0.11706,0.2263,-24.339170000000006,-0.71841,0.74,5.3782,6.8245,0.36,0.31,1.6,28.9,18.1,5.36345,49,4.31149
806,In,Ti,B,0.99956,3.21415,0.18734,0.29625,-33.43307,-2.5071,0.79,5.3782,7.2564,0.36,0.28,1.4,28.9,7.6,5.39832,49,4.60836
808,Ga,Sn,B,0.99984,4.17746,0.99974,0.99859,4.96326,-1.06524,1.84,5.6565,6.8885,0.17,0.345,1.45,28.9,107.3,5.67736,31,4.89116
810,Sn,Sb,B,0.99986,0.22947,0.99997,0.99938,0.3578,-3.59606,2.08,6.8885,8.3266,0.345,0.335,1.45,107.3,103.2,6.16971,50,4.94528
812,Ga,Sb,B,0.99983,4.01001,0.99996,0.99903,2.30076,-2.09904,2.08,5.6565,8.3266,0.17,0.335,1.45,28.9,103.2,5.81569,31,5.7020300000000015
814,Sn,Sn,B,0.99978,2.95982,0.99978,0.99991,2.95982,-1.80445,1.84,6.8885,6.8885,0.345,0.345,1.45,107.3,107.3,6.0229599999999985,50,4.98538
815,Sn,Sn,B,0.99978,2.95982,0.99978,0.99991,2.95982,-1.80445,1.84,6.8885,6.8885,0.345,0.345,1.45,107.3,107.3,6.0229599999999985,50,4.98538
818,Sn,Ge,B,0.99973,2.97607,0.99997,0.99938,3.19155,-2.02129,1.92,6.8885,7.4167,0.345,0.16,1.25,107.3,119.0,6.10475,50,5.54568
820,Sn,Ga,B,0.9997,3.3767400000000003,0.9995,0.99882,5.82316,-1.0342,1.68,6.8885,5.6565,0.345,0.17,1.3,107.3,28.9,5.67736,50,5.07721
822,Sn,In,B,0.99979,3.27975,0.99968,0.98903,5.84535,-0.67902,1.6,6.8885,5.3782,0.345,0.36,1.55,107.3,28.9,5.6414300000000015,50,4.61032
824,Sn,Fe,B,0.99984,2.11033,0.7911,0.37549,-53.58493000000001,-2.95439,0.99,6.8885,8.5601,0.345,0.22,1.4,107.3,15.7,5.95418,50,5.20488
826,Sn,Al,B,0.99956,3.4401900000000003,0.0,0.0,7.73037,-1.41065,1.66,6.8885,5.7109,0.345,0.0,1.25,107.3,42.5,5.68797,50,5.08223
828,Sn,Mn,B,0.99984,1.79214,0.6565,0.33756,-48.82981,-3.22646,0.94,6.8885,8.2684,0.345,0.23,1.4,107.3,0.0,5.85093,50,4.96212
830,Sn,W,B,0.99984,-0.26002,0.48433,0.33798,-39.67924,-4.75155,0.885,6.8885,7.6293,0.345,0.59,1.35,107.3,78.6,6.05072,50,2.67784
832,Sn,Re,B,0.99988,-0.06619,0.6360899999999999,0.35432,-43.20823,-4.58667,0.94,6.8885,7.853,0.345,0.565,1.35,107.3,14.5,5.9424,50,3.52795
834,Sn,Cr,B,0.99984,1.44996,0.52349,0.34065,-44.14302,-3.46392,0.89,6.8885,6.7401,0.345,0.25,1.4,107.3,64.3,5.85093,50,4.3704800000000015
836,Pb,Ta,B,0.99951,-0.18779,0.32503000000000004,0.31966,-35.90859000000001,-4.58281,0.83,6.6709,7.3632,0.45,0.605,1.45,35.1,31.0,5.85334,82,2.42831
838,Bi,Al,B,0.99947,0.98441,0.0,0.0,6.1342300000000005,-2.30302,1.66,7.9894,5.7109,0.43799999999999994,0.0,1.25,91.2,42.5,6.50617,83,5.807
840,Bi,Mn,B,0.99984,-0.50464,0.70503,0.29911,-48.50102,-3.90157,0.94,7.9894,8.2684,0.43799999999999994,0.23,1.4,91.2,0.0,6.69258,83,4.1821
842,Pb,Nb,B,0.99955,0.050460000000000005,0.36199,0.32733,-32.14667,-4.19604,0.82,6.6709,6.275,0.45,0.51,1.45,35.1,86.1,5.82167,82,2.42681
844,Bi,Re,B,0.99987,-1.00818,0.63847,0.35034,-43.10166,-4.54469,0.94,7.9894,7.853,0.43799999999999994,0.565,1.35,91.2,14.5,6.7972100000000015,83,3.89195
846,Pb,V,B,0.99964,1.44044,0.35288,0.30609000000000003,-39.31705,-3.4500300000000004,0.84,6.6709,6.4707,0.45,0.26,1.35,35.1,50.6,5.70028,82,4.32715
848,Pb,Ti,B,0.99959,2.43551,0.18853,0.2944,-33.22546,-2.08698,0.79,6.6709,7.2564,0.45,0.28,1.4,35.1,7.6,5.65197,82,5.53671
849,Pb,Sc,B,0.99957,3.39503,0.11496,0.2174,-24.46344,-0.48355,0.74,6.6709,6.8245,0.45,0.31,1.6,35.1,18.1,5.61546,82,5.5046800000000005
851,Pb,Hf,B,0.99941,2.50317,0.19641,0.2973,-28.48527,-1.22836,0.775,6.6709,7.6487,0.45,0.63,1.55,35.1,0.0,5.76225,82,4.79127
853,Pb,Zr,B,0.99952,1.96151,0.1903,0.29456,-25.36512,-1.6566299999999998,0.76,6.6709,6.8953,0.45,0.54,1.55,35.1,41.1,5.71289,82,3.54516
854,Tl,Mo,B,0.9990000000000001,3.33841,0.45897,0.3709,-36.32525,-3.1722900000000003,0.88,5.273,6.4838,0.46299999999999997,0.49,1.45,19.2,71.9,5.56757,81,3.94531
856,Tl,Ta,B,0.99868,3.73538,0.26195,0.33994,-35.0651,-2.38556,0.83,5.273,7.3632,0.46299999999999997,0.605,1.45,19.2,31.0,5.62628,81,3.04171
858,Tl,Sc,B,0.9990000000000001,4.66199,0.11214,0.21885,-24.55263,-0.58158,0.74,5.273,6.8245,0.46299999999999997,0.31,1.6,19.2,18.1,5.39762,81,5.19985
860,In,Sb,B,0.99957,3.49337,0.99995,0.99913,1.52371,-2.68292,2.08,5.3782,8.3266,0.36,0.335,1.45,28.9,103.2,5.77888,49,3.85675
862,In,In,B,0.99955,5.35561,0.99955,0.99975,5.35561,-0.79864,1.6,5.3782,5.3782,0.36,0.36,1.55,28.9,28.9,5.28406,49,4.026680000000002
863,In,In,B,0.99955,5.35561,0.99955,0.99975,5.35561,-0.79864,1.6,5.3782,5.3782,0.36,0.36,1.55,28.9,28.9,5.28406,49,4.026680000000002
866,In,Ge,B,0.99938,3.61597,0.99994,0.99935,2.76811,-2.90301,1.92,5.3782,7.4167,0.36,0.16,1.25,28.9,119.0,5.7180300000000015,49,4.40117
868,In,Sn,B,0.9995,3.79676,0.99982,0.99861,3.93273,-1.95155,1.84,5.3782,6.8885,0.36,0.345,1.45,28.9,107.3,5.6414300000000015,49,4.12924
870,Tl,V,B,0.99895,4.2752300000000005,0.32034,0.32589,-39.02293,-2.43114,0.84,5.273,6.4707,0.46299999999999997,0.26,1.35,19.2,50.6,5.47915,81,5.66348
872,Tl,Nb,B,0.99876,3.79652,0.28673000000000004,0.3543,-31.820970000000006,-2.3848700000000003,0.82,5.273,6.275,0.46299999999999997,0.51,1.45,19.2,86.1,5.59583,81,3.77899
874,Tl,Zr,B,0.99891,4.49078,0.18507,0.29119,-24.45028,-0.66802,0.76,5.273,6.8953,0.46299999999999997,0.54,1.55,19.2,41.1,5.49127,81,5.96471
876,Tl,Hf,B,0.9987,4.5360000000000005,0.19135,0.2939,-27.99498,-0.67255,0.775,5.273,7.6487,0.46299999999999997,0.63,1.55,19.2,0.0,5.53872,81,5.87774
878,Tl,Ti,B,0.99898,4.37753,0.18633,0.2939,-32.70038,-1.58553,0.79,5.273,7.2564,0.46299999999999997,0.28,1.4,19.2,7.6,5.43271,81,5.76673
880,In,Ga,B,0.99937,4.9729,0.99953,0.99874,6.47056,-0.96187,1.68,5.3782,5.6565,0.36,0.17,1.3,28.9,28.9,5.31772,49,5.07908
882,In,Al,B,0.99917,5.3359,0.0,0.0,8.4505,-1.12869,1.66,5.3782,5.7109,0.36,0.0,1.25,28.9,42.5,5.32765,49,5.4077
884,In,Fe,B,0.99957,3.58212,0.7832899999999999,0.37396,-53.61952,-2.9272,0.99,5.3782,8.5601,0.36,0.22,1.4,28.9,15.7,5.577000000000001,49,5.2446199999999985
886,Sb,Ta,B,0.9999,-1.07472,0.30706,0.32943,-35.98,-4.3642400000000015,0.83,8.3266,7.3632,0.335,0.605,1.45,103.2,31.0,6.1142,51,3.4644699999999995
888,Sb,Mo,B,0.99994,-1.07596,0.49787,0.35168,-36.22679,-4.27618,0.88,8.3266,6.4838,0.335,0.49,1.45,103.2,71.9,6.0504,51,3.2941300000000004
889,Sb,Nb,B,0.99991,-1.02131,0.33432,0.33548,-32.21092,-4.08211,0.82,8.3266,6.275,0.335,0.51,1.45,103.2,86.1,6.08111,51,3.6021300000000003
891,Sb,Ti,B,0.99993,-1.01166,0.19983,0.2838,-34.29623,-3.87879,0.79,8.3266,7.2564,0.335,0.28,1.4,103.2,7.6,5.90385,51,3.02996
893,Sb,Hf,B,0.99987,-0.70133,0.1954,0.33779000000000003,-30.15841,-3.26278,0.775,8.3266,7.6487,0.335,0.63,1.55,103.2,0.0,6.01905,51,3.27491
895,Sb,Zr,B,0.9999,-0.7353,0.18863,0.29925,-26.522920000000006,-3.01518,0.76,8.3266,6.8953,0.335,0.54,1.55,103.2,41.1,5.96749,51,3.24357
897,Sb,Sc,B,0.99991,0.64651,0.11861,0.23169,-24.40701,-0.97035,0.74,8.3266,6.8245,0.335,0.31,1.6,103.2,18.1,5.86571,51,3.838330000000001
899,Bi,Sb,B,0.99984,-0.74226,0.99998,0.99943,0.30805,-3.58702,2.08,7.9894,8.3266,0.43799999999999994,0.335,1.45,91.2,103.2,7.05722,83,3.2791900000000003
901,Bi,In,B,0.99974,0.67913,0.99957,0.99784,4.51256,-1.4004,1.6,7.9894,5.3782,0.43799999999999994,0.36,1.55,91.2,28.9,6.45294,83,4.14233
903,Bi,Sn,B,0.99974,-0.45361,0.99992,0.99877,1.83315,-3.3897,1.84,7.9894,6.8885,0.43799999999999994,0.345,1.45,91.2,107.3,6.889360000000001,83,4.61632
905,Bi,Ge,B,0.99972,-0.74621,0.99997,0.99946,0.95764,-4.0808300000000015,1.92,7.9894,7.4167,0.43799999999999994,0.16,1.25,91.2,119.0,6.98292,83,5.33089
907,Pb,Sb,B,0.99968,0.5279,0.99997,0.9994,0.4358800000000001,-3.4759300000000004,2.08,6.6709,8.3266,0.45,0.335,1.45,35.1,103.2,6.0504,82,4.77286
909,Bi,Ga,B,0.99964,1.07539,0.99978,0.99885,4.43993,-1.84545,1.68,7.9894,5.6565,0.43799999999999994,0.17,1.3,91.2,28.9,6.49404,83,5.60052
912,Pb,Sn,B,0.99949,3.47822,0.99993,0.99866,4.52349,-0.92284,1.84,6.6709,6.8885,0.45,0.345,1.45,35.1,107.3,5.90649,82,5.21598
913,Pb,In,B,0.99951,3.70923,0.99983,0.99055,6.03839,-0.57358,1.6,6.6709,5.3782,0.45,0.36,1.55,35.1,28.9,5.53233,82,5.32948
915,Pb,Ge,B,0.9994,3.92954,0.99997,0.99939,3.8514,-1.28347,1.92,6.6709,7.4167,0.45,0.16,1.25,35.1,119.0,5.9867,82,6.22215
917,Pb,Ga,B,0.99936,4.2644199999999985,0.99983,0.99876,6.23302,-0.65289,1.68,6.6709,5.6565,0.45,0.17,1.3,35.1,28.9,5.56757,82,6.08346
919,Pb,Fe,B,0.9996,2.72227,0.7710600000000001,0.4029,-53.648,-2.61328,0.99,6.6709,8.5601,0.45,0.22,1.4,35.1,15.7,5.83903,82,5.927219999999998
921,Pb,Al,B,0.99909,4.41929,0.0,0.0,7.89465,-0.8513,1.66,6.6709,5.7109,0.45,0.0,1.25,35.1,42.5,5.57797,82,6.44356
923,Pb,Mn,B,0.99962,2.31248,0.65259,0.34469,-48.87543,-2.95328,0.94,6.6709,8.2684,0.45,0.23,1.4,35.1,0.0,5.73779,82,5.43945
925,Pb,Re,B,0.99971,0.11334,0.63647,0.35162,-43.20246,-4.5402,0.94,6.6709,7.853,0.45,0.565,1.35,35.1,14.5,5.82748,82,3.64112
927,Pb,Mo,B,0.99964,0.27702,0.51225,0.34656,-36.22578,-4.23525,0.88,6.6709,6.4838,0.45,0.49,1.45,35.1,71.9,5.7922699999999985,82,2.92614
929,Pb,W,B,0.99964,-0.13172,0.48652,0.33443,-39.68078,-4.74708,0.885,6.6709,7.6293,0.45,0.59,1.35,35.1,78.6,5.93371,82,2.70769
931,Pb,Cr,B,0.99962,1.86884,0.51804,0.34244,-44.17744,-3.27515,0.89,6.6709,6.7401,0.45,0.25,1.4,35.1,64.3,5.73779,82,4.71776
933,Bi,Fe,B,0.99983,-0.06856,0.8220000000000001,0.325,-53.29446,-3.51012,0.99,7.9894,8.5601,0.43799999999999994,0.22,1.4,91.2,15.7,6.8106800000000005,83,4.71806
935,Bi,W,B,0.99983,-1.14097,0.48553,0.3363,-39.70042,-4.69051,0.885,7.9894,7.6293,0.43799999999999994,0.59,1.35,91.2,78.6,6.9211100000000005,83,3.19005
936,Bi,Cr,B,0.99983,-0.79322,0.52818,0.30933,-43.8776,-4.15229,0.89,7.9894,6.7401,0.43799999999999994,0.25,1.4,91.2,64.3,6.69258,83,3.57036
938,Bi,Mo,B,0.99983,-0.98268,0.5194,0.34566,-36.22124,-4.33355,0.88,7.9894,6.4838,0.43799999999999994,0.49,1.45,91.2,71.9,6.7561300000000015,83,3.20795
940,Bi,Nb,B,0.99977,-0.95459,0.35506,0.32999,-32.21029,-4.18016,0.82,7.9894,6.275,0.43799999999999994,0.51,1.45,91.2,86.1,6.7904300000000015,83,3.16109
942,Bi,Ta,B,0.99976,-1.07454,0.32142,0.32301,-35.99071,-4.47936,0.83,7.9894,7.3632,0.43799999999999994,0.605,1.45,91.2,31.0,6.827369999999998,83,3.12197
944,Bi,V,B,0.99984,-0.99452,0.37846,0.28211,-39.15102,-4.25661,0.84,7.9894,6.4707,0.43799999999999994,0.26,1.35,91.2,50.6,6.64884,83,3.04418
946,Sb,Sb,B,0.99993,-0.24125,0.99993,0.99997,-0.24125,-3.60969,2.08,8.3266,8.3266,0.335,0.335,1.45,103.2,103.2,6.3200400000000005,51,3.2280900000000003
947,Sb,Sb,B,0.99993,-0.24125,0.99993,0.99997,-0.24125,-3.60969,2.08,8.3266,8.3266,0.335,0.335,1.45,103.2,103.2,6.3200400000000005,51,3.2280900000000003
950,Bi,Zr,B,0.99974,-0.70111,0.19002,0.29501,-26.91139,-3.26761,0.76,7.9894,6.8953,0.43799999999999994,0.54,1.55,91.2,41.1,6.66355,83,2.97413
952,Bi,Sc,B,0.99976,0.5666,0.11925,0.2281,-24.94895,-1.35745,0.74,7.9894,6.8245,0.43799999999999994,0.31,1.6,91.2,18.1,6.5499,83,4.3726699999999985
954,Bi,Ti,B,0.9998,-0.90831,0.20228,0.27594,-34.2928,-3.97117,0.79,7.9894,7.2564,0.43799999999999994,0.28,1.4,91.2,7.6,6.59248,83,2.84324
956,Bi,Hf,B,0.99968,-0.68291,0.19606,0.30197,-30.56244,-3.38099,0.775,7.9894,7.6487,0.43799999999999994,0.63,1.55,91.2,0.0,6.72112,83,3.01008
958,Sb,Sn,B,0.99989,-0.54432,0.99991,0.99877,1.68924,-3.35365,1.84,8.3266,6.8885,0.335,0.345,1.45,103.2,107.3,6.16971,51,4.85967
960,Sb,In,B,0.9999,0.31726,0.99948,0.99779,3.72832,-1.49778,1.6,8.3266,5.3782,0.335,0.36,1.55,103.2,28.9,5.77888,51,3.61535
962,Sb,Ge,B,0.99988,-0.7812100000000001,0.99997,0.99943,0.8583700000000001,-4.03412,1.92,8.3266,7.4167,0.335,0.16,1.25,103.2,119.0,6.25349,51,5.43885
964,Sb,Fe,B,0.99994,-0.38657,0.83226,0.32725,-53.32368,-3.65373,0.99,8.3266,8.5601,0.335,0.22,1.4,103.2,15.7,6.09925,51,4.2716400000000005
966,Sb,Ga,B,0.99985,0.8640100000000001,0.99973,0.99893,3.76874,-1.77452,1.68,8.3266,5.6565,0.335,0.17,1.3,103.2,28.9,5.81569,51,5.0006900000000005
968,Sb,Al,B,0.99976,1.19135,0.0,0.0,6.795960000000001,-1.7687099999999998,1.66,8.3266,5.7109,0.335,0.0,1.25,103.2,42.5,5.82655,51,5.19364
970,Sb,Re,B,0.99995,-1.05723,0.61478,0.35699000000000003,-43.14076,-4.5024,0.94,8.3266,7.853,0.335,0.565,1.35,103.2,14.5,6.08718,51,3.90864
972,Sb,Mn,B,0.99995,-0.73938,0.66659,0.30546,-48.52918,-3.97637,0.94,8.3266,8.2684,0.335,0.23,1.4,103.2,0.0,5.99349,51,3.86648
974,Sb,W,B,0.99993,-1.16226,0.46955,0.34286,-39.70383,-4.60775,0.885,8.3266,7.6293,0.335,0.59,1.35,103.2,78.6,6.19814,51,3.25424
975,Sb,V,B,0.99994,-1.13286,0.36443,0.29039,-39.19985,-4.22876,0.84,8.3266,6.4707,0.335,0.26,1.35,103.2,50.6,5.95431,51,2.98327
977,Sb,Cr,B,0.99994,-0.98698,0.55089,0.31711,-43.92056,-4.17349,0.89,8.3266,6.7401,0.335,0.25,1.4,103.2,64.3,5.99349,51,3.4370800000000004
979,Mg,Ir,B,0.0,-44.58844000000001,0.8611,0.48702,-50.17328,-3.55188,1.05,7.9081,8.2164,0.0,0.526,1.35,0.0,151.0,6.13349,12,5.5132
982,Cs,Ir,B,0.0,-5.64776,0.81013,0.43544,-64.22166,-2.39365,1.05,3.6887,8.2164,0.0,0.526,1.35,45.5,151.0,5.50292,55,6.0541800000000014
984,Rb,Ir,B,0.0,-8.55835,0.80009,0.49748,-9.99596,-2.57647,1.05,4.0528,8.2164,0.71,0.526,1.35,46.9,151.0,5.58142,37,5.91909
986,K,Ir,B,0.0,-11.75033,0.82536,0.4981600000000001,-50.93351,-2.83778,1.05,4.2663,8.2164,0.37,0.526,1.35,48.4,151.0,5.61907,19,5.72232
988,Na,Ir,B,0.0,-23.06652,0.8716200000000001,0.44872,-48.15735,-3.0278,1.05,5.118,8.2164,0.0,0.526,1.35,52.8,151.0,5.80591,11,5.53299
990,Li,Ir,B,0.0,0.0,0.81166,0.54098,-57.99671,-3.17339,1.05,5.3425,8.2164,0.0,0.526,1.35,59.6,151.0,5.86969,3,5.7089
992,Mg,Ru,B,0.0,-44.58528,0.74245,0.35165,-43.92882,-3.46817,1.0,7.9081,6.8007,0.0,0.45,1.3,0.0,101.3,5.913869999999998,12,2.05268
994,Mg,Os,B,0.0,-45.20276,0.73978,0.31183,-47.00266,-3.94755,0.995,7.9081,8.0462,0.0,0.5429999999999999,1.3,0.0,106.1,6.01545,12,1.92061
996,Sr,Ru,B,0.0,-16.33905,0.8192299999999999,0.45435,-52.61294,-3.3127800000000005,1.0,5.7777,6.8007,0.633,0.45,1.3,5.03,101.3,5.2152,38,4.87771
998,Y,Ru,B,0.13957999999999998,-24.30472,0.8862700000000001,0.42462,-40.12472,-4.17899,1.0,6.5236,6.8007,0.58,0.45,1.3,29.6,101.3,5.7256300000000016,39,3.64845
1000,V,Ru,B,0.20809,-40.72671,0.8533,0.47363,-43.57938,-4.46139,1.0,6.4707,6.8007,0.26,0.45,1.3,50.6,101.3,5.86578,23,3.5353
1002,Mn,Ru,B,0.5586399999999999,-47.65303,0.76581,0.37703,-43.80032,-4.52969,1.0,8.2684,6.8007,0.23,0.45,1.3,0.0,101.3,5.90437,25,4.81571
1004,Mn,Os,B,0.52564,-47.61561,0.78604,0.35805,-47.18784,-4.34909,0.995,8.2684,8.0462,0.23,0.5429999999999999,1.3,0.0,106.1,6.0058,25,4.59919
1006,Hg,Ir,B,0.99789,-12.47878,0.89008,0.46201,-58.31516,-2.88522,1.05,8.6343,8.2164,0.475,0.526,1.35,0.0,151.0,6.47318,80,5.90637
1008,Cd,Ir,B,0.99905,-63.37169,0.84075,0.46853,-50.50654,-3.60787,1.05,8.6893,8.2164,0.37,0.526,1.35,0.0,151.0,6.3124699999999985,48,5.87725
1010,Zn,Ir,B,0.99973,-79.25116,0.8597,0.5099,-86.10898,-4.44061,1.05,9.6186,8.2164,0.175,0.526,1.35,0.0,151.0,6.34707,30,5.7992300000000006
1012,Ag,Ir,B,0.99248,-15.951429999999998,0.83245,0.43483,-50.37378,-3.32079,1.05,7.1384,8.2164,0.385,0.526,1.35,125.6,151.0,6.34422,47,5.82869
1014,Mn,Ir,B,0.6244,-47.71761,0.85315,0.49105,-50.78361,-4.60743,1.05,8.2684,8.2164,0.23,0.526,1.35,0.0,151.0,6.12365,25,5.3702
1016,Cr,Ir,B,0.29896,-43.49811,0.81666,0.45827,-53.32501,-3.83277,1.05,6.7401,8.2164,0.25,0.526,1.35,64.3,151.0,6.12365,24,5.30905
1018,V,Ir,B,0.34579,-38.94775,0.92273,0.49633,-36.6017,-4.477519999999998,1.05,6.4707,8.2164,0.26,0.526,1.35,50.6,151.0,6.08362,23,5.35584
1020,Y,Ir,B,0.15659,-24.5257,0.93786,0.42568,-54.42462,-4.39119,1.05,6.5236,8.2164,0.58,0.526,1.35,29.6,151.0,5.938269999999998,39,5.57008
1022,Ba,Ir,B,0.0,-11.06371,0.8746,0.46132,-49.13786,-2.81931,1.05,5.1752,8.2164,0.94,0.526,1.35,13.95,151.0,5.60975,56,6.04413
1024,Sr,Ir,B,0.0,-16.40792,0.8193799999999999,0.39576,-53.23765,-2.98849,1.05,5.7777,8.2164,0.633,0.526,1.35,5.03,151.0,5.40888,38,5.94925
1026,Ca,Ir,B,0.0,-22.03872,0.8776700000000001,0.36589,-4.85198,-3.06389,1.05,6.2588,8.2164,0.34,0.526,1.35,2.37,151.0,5.5129800000000015,20,5.83327
1027,K,Ru,B,0.0,-11.61914,0.70699,0.56306,-48.72663,-2.98302,1.0,4.2663,6.8007,0.37,0.45,1.3,48.4,101.3,5.41787,19,5.33511
1030,Na,Os,B,0.0,-23.9744,0.69175,0.37509,-45.0365,-3.7851,0.995,5.118,8.0462,0.0,0.5429999999999999,1.3,52.8,106.1,5.69418,11,4.48666
1032,Sb,Ir,B,0.91303,-0.8433200000000001,0.93885,0.46238,-50.04467,-4.31255,1.05,8.3266,8.2164,0.335,0.526,1.35,103.2,151.0,6.45728,51,5.52946
1034,Pb,Ir,B,0.9998,2.08766,0.87149,0.4044,-50.03696,-2.9676400000000003,1.05,6.6709,8.2164,0.45,0.526,1.35,35.1,151.0,6.18179,82,5.9619
1036,Sn,Ir,B,0.99985,1.12831,0.88718,0.3728,-53.38716,-3.03235,1.05,6.8885,8.2164,0.345,0.526,1.35,107.3,151.0,6.3037,50,5.8697
1038,Ge,Ir,B,0.99989,0.4891,0.82845,0.5015,-11.18506,-3.3820900000000003,1.05,7.4167,8.2164,0.16,0.526,1.35,119.0,151.0,6.3893,32,5.70525
1040,Na,Ru,B,0.0,-23.02116,0.7669699999999999,0.45423,-44.493,-2.83246,1.0,5.118,6.8007,0.0,0.45,1.3,52.8,101.3,5.59802,11,5.14967
1042,Li,Os,B,0.0,0.0,0.76298,0.45464,-40.4772,-3.60976,0.995,5.3425,8.0462,0.0,0.5429999999999999,1.3,59.6,106.1,5.75672,3,4.49815
1044,Li,Ru,B,0.0,0.0,0.79162,0.5088600000000001,-44.45028,-3.21916,1.0,5.3425,6.8007,0.0,0.45,1.3,59.6,101.3,5.65951,3,5.26318
1046,Bi,Ir,B,0.99969,-0.47102,0.93919,0.29885,-49.21703,-3.64653,1.05,7.9894,8.2164,0.43799999999999994,0.526,1.35,91.2,151.0,7.21048,83,5.7278
1048,Tl,Ir,B,0.99941,4.08669,0.79964,0.52775,-52.09719000000001,-2.92837,1.05,5.273,8.2164,0.46299999999999997,0.526,1.35,19.2,151.0,5.9419900000000005,81,5.96175
1050,In,Ir,B,0.99968,3.1171900000000003,0.8612799999999999,0.43533,-50.4717,-3.65353,1.05,5.3782,8.2164,0.36,0.526,1.35,28.9,151.0,5.90437,49,5.9261599999999985
1052,Ga,Ir,B,0.99985,3.41145,0.8766200000000001,0.44628,-32.61438,-2.86521,1.05,5.6565,8.2164,0.17,0.526,1.35,28.9,151.0,5.9419900000000005,31,5.84081
1054,Cs,Ru,B,0.0,-5.7157,0.73452,0.43649,-44.22782,-2.51273,1.0,3.6887,6.8007,0.0,0.45,1.3,45.5,101.3,5.30587,55,5.67783
1056,Rb,Os,B,0.0,-9.40912,0.72015,0.37326,-50.64376,-3.11241,0.995,4.0528,8.0462,0.71,0.5429999999999999,1.3,46.9,106.1,5.47401,37,4.84809
1058,Zn,Ru,B,0.99957,-78.64961,0.75198,0.35663,-44.07125,-3.21569,1.0,9.6186,6.8007,0.175,0.45,1.3,0.0,101.3,6.1198,30,5.26369
1060,Zn,Os,B,0.99955,-79.81114000000002,0.7046100000000001,0.39524,-47.31573,-4.0915,0.995,9.6186,8.0462,0.175,0.5429999999999999,1.3,0.0,106.1,6.22492,30,4.67823
1062,Hg,Ru,B,0.9982,-15.73581,0.8105899999999999,0.4501,-43.66549000000001,-3.07837,1.0,8.6343,6.8007,0.475,0.45,1.3,0.0,101.3,6.24139,80,5.32487
1064,Ga,Os,B,0.99975,2.80771,0.7461899999999999,0.3451,-47.45146,-3.86376,0.995,5.6565,8.0462,0.17,0.5429999999999999,1.3,28.9,106.1,5.82763,31,4.699
1066,Tl,Ru,B,0.99922,3.79771,0.7831100000000001,0.41403,-42.21653,-2.67625,1.0,5.273,6.8007,0.46299999999999997,0.45,1.3,19.2,101.3,5.72922,81,5.37175
1068,Sn,Os,B,0.99986,0.6254,0.71927,0.3378,-46.83943,-4.1224,0.995,6.8885,8.0462,0.345,0.5429999999999999,1.3,107.3,106.1,6.18238,50,4.32351
1070,Pb,Ru,B,0.99954,1.94921,0.78493,0.40912,-46.28576,-2.8311,1.0,6.6709,6.8007,0.45,0.45,1.3,35.1,101.3,5.96044,82,4.88467
1072,Sb,Ru,B,0.99998,-0.8237,0.92139,0.27539,-41.17676,-3.50201,1.0,8.3266,6.8007,0.335,0.45,1.3,103.2,101.3,6.22607,51,3.4797300000000004
1074,Rb,Ru,B,0.0,-8.38348,0.67213,0.36465,-44.43617,-2.68169,1.0,4.0528,6.8007,0.71,0.45,1.3,46.9,101.3,5.38156,37,5.49035
1076,K,Os,B,0.0,-12.48561,0.70015,0.4128,-46.98924,-3.57524,0.995,4.2663,8.0462,0.37,0.5429999999999999,1.3,48.4,106.1,5.51093,19,4.67474
1077,Li,Ni,B,0.0,0.0,0.90347,0.59208,-2.88333,-1.58856,1.09,5.3425,7.6545,0.0,0.195,1.35,59.6,112.0,5.63413,3,7.65031
1080,Bi,Os,B,0.99994,-0.6984100000000001,0.8287100000000001,0.33267,-77.9802,-4.20338,0.995,7.9894,8.0462,0.43799999999999994,0.5429999999999999,1.3,91.2,106.1,7.07171,83,3.80409
1082,Bi,Ru,B,0.99984,-0.16159,0.87829,0.38873,-46.56684,-3.43338,1.0,7.9894,6.8007,0.43799999999999994,0.45,1.3,91.2,101.3,6.95229,83,3.6543
1084,Sb,Os,B,0.97516,-0.85414,0.76171,0.35982,-50.41787,-4.01903,0.995,8.3266,8.0462,0.335,0.5429999999999999,1.3,103.2,106.1,6.33301,51,3.62044
1086,Pb,Os,B,0.99977,0.69215,0.79225,0.24763,-46.92815,-3.71095,0.995,6.6709,8.0462,0.45,0.5429999999999999,1.3,35.1,106.1,6.0628199999999985,82,4.5072800000000015
1088,Sn,Ru,B,0.99986,1.81814,0.74895,0.36319,-38.61228,-2.68553,1.0,6.8885,6.8007,0.345,0.45,1.3,107.3,101.3,6.07798,50,4.48056
1090,Ge,Os,B,0.99999,0.2623,0.77577,0.32096,-52.44914,-3.51115,0.995,7.4167,8.0462,0.16,0.5429999999999999,1.3,119.0,106.1,6.26633,32,4.73846
1092,Ge,Ru,B,0.9989,0.99504,0.77694,0.47654,-43.95503,-3.44361,1.0,7.4167,6.8007,0.16,0.45,1.3,119.0,101.3,6.16051,32,5.12099
1094,In,Os,B,0.99973,2.7749900000000003,0.73745,0.3717,-56.10485,-3.61781,0.995,5.3782,8.0462,0.36,0.5429999999999999,1.3,28.9,106.1,5.79074,49,4.78099
1096,In,Ru,B,0.99975,3.54462,0.7328100000000001,0.51751,-39.36815,-3.16932,1.0,5.3782,6.8007,0.36,0.45,1.3,28.9,101.3,5.69295,49,5.09272
1098,Ga,Ru,B,0.99972,3.31707,0.79348,0.45408,-44.26292,-3.3430800000000005,1.0,5.6565,6.8007,0.17,0.45,1.3,28.9,101.3,5.72922,31,5.22782
1100,Hg,Os,B,0.99818,-59.41025,0.66779,0.36147,-42.75277,-3.38931,0.995,8.6343,8.0462,0.475,0.5429999999999999,1.3,0.0,106.1,6.34861,80,4.94269
1102,Cd,Os,B,0.99957,-63.7439,0.74288,0.35869,-47.01487,-3.91343,0.995,8.6893,8.0462,0.37,0.5429999999999999,1.3,0.0,106.1,6.1909800000000015,48,4.729
1104,Cd,Ru,B,0.99946,-63.55877,0.78413,0.39325,-44.05283,-3.5592,1.0,8.6893,6.8007,0.37,0.45,1.3,0.0,101.3,6.08643,48,4.92253
1106,Ag,Os,B,0.99596,-54.49574000000001,0.6731199999999999,0.36872,-47.52451,-3.65105,0.995,7.1384,8.0462,0.385,0.5429999999999999,1.3,125.6,106.1,6.2221199999999985,47,4.62009
1108,Ag,Ru,B,0.99339,-53.77155,0.76298,0.37756,-44.48022,-3.0998,1.0,7.1384,6.8007,0.385,0.45,1.3,125.6,101.3,6.11705,47,5.22016
1110,La,Os,B,0.32501,-17.08824,0.8746799999999999,0.60475,-43.49234000000001,-5.34397,0.995,4.8037,8.0462,0.8740000000000001,0.5429999999999999,1.3,48.0,106.1,5.79074,57,5.27877
1112,La,Ru,B,0.36224,-16.54319,0.86808,0.33349,-43.43828,-4.33638,1.0,4.8037,6.8007,0.8740000000000001,0.45,1.3,48.0,101.3,5.69295,57,3.92522
1114,Cr,Os,B,0.32919,-55.20881,0.75957,0.42487,-46.95129,-5.15661,0.995,6.7401,8.0462,0.25,0.5429999999999999,1.3,64.3,106.1,6.0058,24,4.36292
1116,Ba,Os,B,0.0,-11.93293,0.76986,0.49258,-4.5343300000000015,-3.84317,0.995,5.1752,8.0462,0.94,0.5429999999999999,1.3,13.95,106.1,5.50179,56,4.7204
1118,Ba,Ru,B,0.0,-11.03991,0.7751100000000001,0.35763,-43.85671,-3.24087,1.0,5.1752,6.8007,0.94,0.45,1.3,13.95,101.3,5.40888,56,5.16415
1120,Sr,Os,B,0.0,-17.106279999999998,0.79401,0.38888,-46.48878,-4.33605,0.995,5.7777,8.0462,0.633,0.5429999999999999,1.3,5.03,106.1,5.3047900000000014,38,4.4577800000000005
1122,Tl,Os,B,0.99925,3.87735,0.7619,0.45156,-35.84479,-3.38375,0.995,5.273,8.0462,0.46299999999999997,0.5429999999999999,1.3,19.2,106.1,5.82763,81,4.9119
1124,Ca,Os,B,0.0,-22.94896,0.79288,0.42215,-45.75128,-4.3735800000000005,0.995,6.2588,8.0462,0.34,0.5429999999999999,1.3,2.37,106.1,5.40688,20,4.16676
1126,Ca,Ru,B,0.0,-22.08746,0.7621100000000001,0.43132,-44.05903,-3.46282,1.0,6.2588,6.8007,0.34,0.45,1.3,2.37,101.3,5.31557,20,4.57674
1128,Cs,Os,B,0.0,-6.0075,0.64486,0.40201,-47.03089,-3.1019,0.995,3.6887,8.0462,0.0,0.5429999999999999,1.3,45.5,106.1,5.39701,55,5.1154
1129,Sb,Ni,B,1.00021,0.46698,0.98579,0.57916,-64.1142,-2.6988,1.09,8.3266,7.6545,0.335,0.195,1.35,103.2,112.0,6.19814,51,5.1661800000000015
1132,Cr,Ru,B,0.52958,-43.2956,0.7945300000000001,0.44924,-43.88354,-3.74961,1.0,6.7401,6.8007,0.25,0.45,1.3,64.3,101.3,5.90437,24,4.5599300000000005
1134,V,Os,B,0.18913,-38.81991,0.7812899999999999,0.35039000000000003,-51.44993,-4.41181,0.995,6.4707,8.0462,0.26,0.5429999999999999,1.3,50.6,106.1,5.96654,23,4.58695
1136,Y,Os,B,0.14062,-24.72946,0.8714799999999999,0.34649,-46.29374,-4.88098,0.995,6.5236,8.0462,0.58,0.5429999999999999,1.3,29.6,106.1,5.8239800000000015,39,5.12678
1138,Pb,Ni,B,0.9996,3.11629,0.8949299999999999,0.6138600000000001,-39.149,-1.7728400000000002,1.09,6.6709,7.6545,0.45,0.195,1.35,35.1,112.0,5.93371,82,5.957999999999999
1140,Sn,Ni,B,0.99987,3.21522,0.93213,0.75531,-64.29464,-2.60358,1.09,6.8885,7.6545,0.345,0.195,1.35,107.3,112.0,6.05072,50,5.20166
1142,Ge,Ni,B,1.00011,1.8841900000000005,0.94992,0.64666,-57.63021,-2.24955,1.09,7.4167,7.6545,0.16,0.195,1.35,119.0,112.0,6.13289,32,5.22334
1144,Tl,Ni,B,0.99893,4.72048,0.94322,0.6618,-24.5043,-1.6880400000000002,1.09,5.273,7.6545,0.46299999999999997,0.195,1.35,19.2,112.0,5.70352,81,6.11502
1146,In,Ni,B,0.99964,4.3238900000000005,0.97517,0.52008,-64.30564,-1.90329,1.09,5.3782,7.6545,0.36,0.195,1.35,28.9,112.0,5.66742,49,5.5159699999999985
1148,Ga,Ni,B,0.99991,3.86212,0.96664,0.65474,-64.2776,-1.92109,1.09,5.6565,7.6545,0.17,0.195,1.35,28.9,112.0,5.70352,31,4.92961
1150,Hg,Ni,B,0.99391,-65.10710999999999,0.95464,0.58312,-29.81137,-2.08164,1.09,8.6343,7.6545,0.475,0.195,1.35,0.0,112.0,6.2134,80,6.727289999999999
1152,Cd,Ni,B,0.997,-104.66915,0.92902,0.6999,-22.21261,-2.11563,1.09,8.6893,7.6545,0.37,0.195,1.35,0.0,112.0,6.05914,48,6.1741800000000016
1154,Zn,Ni,B,0.99901,-95.12143,0.95395,0.6068899999999999,-61.77209000000001,-2.28999,1.09,9.6186,7.6545,0.175,0.195,1.35,0.0,112.0,6.09236,30,6.6028600000000015
1156,Ag,Ni,B,0.95874,291.90563,0.92236,0.5614899999999999,-9.07779,-1.79338,1.09,7.1384,7.6545,0.385,0.195,1.35,125.6,112.0,6.08962,47,7.40591
1158,Mn,Ni,B,0.5626899999999999,-48.13154,0.96604,0.6089,-66.19346999999999,-3.13437,1.09,8.2684,7.6545,0.23,0.195,1.35,0.0,112.0,5.8779,25,4.7147
1160,La,Ni,B,0.61861,-14.33549,0.99585,0.5733199999999999,-63.96984000000001,-3.05704,1.09,4.8037,7.6545,0.8740000000000001,0.195,1.35,48.0,112.0,5.66742,57,6.0762
1162,Cr,Ni,B,0.4567600000000001,-41.73129,0.96198,0.71642,315.13208,-3.27946,1.09,6.7401,7.6545,0.25,0.195,1.35,64.3,112.0,5.8779,24,4.50915
1164,V,Ni,B,0.29063,-39.34287,0.96401,0.68514,-10.34774,-3.49561,1.09,6.4707,7.6545,0.26,0.195,1.35,50.6,112.0,5.83948,23,4.33581
1166,Y,Ni,B,0.11900000000000001,-22.14904,0.98972,0.4855,-64.99179000000001,-2.45618,1.09,6.5236,7.6545,0.58,0.195,1.35,29.6,112.0,5.69996,39,5.69591
1168,Ba,Ni,B,0.0,-9.15704,0.92435,0.59867,-67.72351,-1.33549,1.09,5.1752,7.6545,0.94,0.195,1.35,13.95,112.0,5.3846300000000005,56,7.17057
1169,Mg,Ni,B,0.0,-42.06014,0.95415,0.6351399999999999,-64.08679000000001,-2.0879,1.09,7.9081,7.6545,0.0,0.195,1.35,0.0,112.0,5.88735,12,5.753419999999998
1172,Cs,Ni,B,0.0,-4.8704,0.94745,0.8111,-64.55368,-1.7331900000000002,1.09,3.6887,7.6545,0.0,0.195,1.35,45.5,112.0,5.2820800000000006,55,7.55946
1174,Rb,Ni,B,0.0,-6.78159,0.8849899999999999,0.6311899999999999,-64.84885,-1.14553,1.09,4.0528,7.6545,0.71,0.195,1.35,46.9,112.0,5.35743,37,7.69131
1176,K,Ni,B,0.0,-9.75825,0.8859100000000001,0.70325,-64.82059,-1.52429,1.09,4.2663,7.6545,0.37,0.195,1.35,48.4,112.0,5.39357,19,7.68169
1178,Na,Ni,B,0.0,-20.99248,0.90817,0.62793,-108.41991000000002,-1.53157,1.09,5.118,7.6545,0.0,0.195,1.35,52.8,112.0,5.57291,11,7.59226
1179,Mn,Co,B,0.5362,-48.08244000000001,0.93096,0.46915,-5.84747,-3.58021,1.04,8.2684,7.4419,0.23,0.21,1.35,0.0,63.7,5.85093,25,4.46137
1182,La,Co,B,0.64102,-14.89702,0.9214,0.39783,-59.00707,-3.07432,1.04,4.8037,7.4419,0.8740000000000001,0.21,1.35,48.0,63.7,5.6414300000000015,57,5.7103199999999985
1183,Cr,Co,B,0.34379,-43.62249,0.89359,0.55833,-39.91774,-3.62352,1.04,6.7401,7.4419,0.25,0.21,1.35,64.3,63.7,5.85093,24,4.30569
1185,V,Co,B,0.30971,-39.26809,0.94149,0.44644,-58.76595,-3.89157,1.04,6.4707,7.4419,0.26,0.21,1.35,50.6,63.7,5.81269,23,4.24501
1188,Y,Co,B,0.13952,-22.51733,0.96337,0.40952,-1.93462,-2.9618,1.04,6.5236,7.4419,0.58,0.21,1.35,29.6,63.7,5.67381,39,5.2011699999999985
1190,Ba,Co,B,0.0,-9.35737,0.81766,0.5795399999999999,-62.31367,-1.86804,1.04,5.1752,7.4419,0.94,0.21,1.35,13.95,63.7,5.35993,56,6.79838
1192,Sr,Co,B,0.0,-14.2264,0.8357100000000001,0.5364899999999999,-1.11881,-2.01143,1.04,5.7777,7.4419,0.633,0.21,1.35,5.03,63.7,5.167999999999999,38,6.68399
1194,Ca,Co,B,0.0,-19.72845,0.87329,0.54382,-42.57985,-2.23197,1.04,6.2588,7.4419,0.34,0.21,1.35,2.37,63.7,5.26746,20,6.52555
1196,Mg,Co,B,0.0,-51.92868,0.8910299999999999,0.50563,-59.18091999999999,-2.64641,1.04,7.9081,7.4419,0.0,0.21,1.35,0.0,63.7,5.86034,12,6.86382
1198,Cs,Co,B,0.0,-4.88914,0.8487899999999999,0.68721,-58.03927,-1.98165,1.04,3.6887,7.4419,0.0,0.21,1.35,45.5,63.7,5.25785,55,7.269889999999998
1200,Rb,Co,B,0.0,-7.0812,0.7500100000000001,0.54356,-59.25713,-1.70752,1.04,4.0528,7.4419,0.71,0.21,1.35,46.9,63.7,5.33285,37,7.26845
1202,K,Co,B,0.0,-9.99088,0.8541700000000001,0.57934,-59.35882,-1.87551,1.04,4.2663,7.4419,0.37,0.21,1.35,48.4,63.7,5.36883,19,7.27727
1204,Na,Co,B,0.0,-21.25383,0.82719,0.47492,-61.32526,-1.77313,1.04,5.118,7.4419,0.0,0.21,1.35,52.8,63.7,5.54735,11,7.1807
1206,Li,Co,B,0.0,0.0,0.8254799999999999,0.40696,37.9114,-2.0158,1.04,5.3425,7.4419,0.0,0.21,1.35,59.6,63.7,5.6082800000000015,3,7.2463
1208,Bi,Ni,B,0.99964,1.10797,0.98593,0.6230899999999999,-64.00956,-2.72638,1.09,7.9894,7.6545,0.43799999999999994,0.195,1.35,91.2,112.0,6.9211100000000005,83,5.58256
1209,Bi,Co,B,0.99983,0.95937,0.9662,0.44294,-58.97933,-2.6143,1.04,7.9894,7.4419,0.43799999999999994,0.21,1.35,91.2,63.7,6.889360000000001,83,5.15313
1211,Sb,Co,B,1.00153,0.20872,0.92093,0.42147,-59.65785,-3.02956,1.04,8.3266,7.4419,0.335,0.21,1.35,103.2,63.7,6.16971,51,4.69194
1214,Pb,Co,B,0.9997,2.69966,0.89225,0.47115,-48.86457,-2.31307,1.04,6.6709,7.4419,0.45,0.21,1.35,35.1,63.7,5.90649,82,6.1577
1216,Sn,Co,B,0.99983,2.66329,0.92658,0.40543,-58.83152,-2.66757,1.04,6.8885,7.4419,0.345,0.21,1.35,107.3,63.7,6.0229599999999985,50,5.02937
1218,Sr,Ni,B,0.0,-13.7956,0.88513,0.51752,-2.43201,-1.59113,1.09,5.7777,7.6545,0.633,0.195,1.35,5.03,112.0,5.19182,38,7.016380000000002
1220,Ca,Ni,B,0.0,-19.37433,0.93523,0.55307,-39.80235,-1.63963,1.09,6.2588,7.6545,0.34,0.195,1.35,2.37,112.0,5.29173,20,6.6893
1222,Ge,Co,B,0.99606,2.36025,0.88694,0.63244,-58.96458000000001,-2.41791,1.04,7.4167,7.4419,0.16,0.21,1.35,119.0,63.7,6.10475,32,5.26431
1224,Tl,Co,B,0.99885,4.51322,0.81439,0.45267,-36.38662,-1.93298,1.04,5.273,7.4419,0.46299999999999997,0.21,1.35,19.2,63.7,5.67736,81,6.3234
1226,In,Co,B,0.99954,3.639580000000001,0.90238,0.36529,-58.81535,-2.70227,1.04,5.3782,7.4419,0.36,0.21,1.35,28.9,63.7,5.6414300000000015,49,5.31829
1228,Ga,Co,B,0.99978,4.2824300000000015,0.82011,0.4532,-59.06411,-2.23716,1.04,5.6565,7.4419,0.17,0.21,1.35,28.9,63.7,5.67736,31,4.8334
1230,Hg,Co,B,0.99456,-1.34389,0.8878799999999999,0.52864,-58.94927,-2.60973,1.04,8.6343,7.4419,0.475,0.21,1.35,0.0,63.7,6.1849,80,6.679360000000001
1232,Cd,Co,B,0.9985,-62.20903000000001,0.84505,0.48687,-2.74176,-2.4256900000000003,1.04,8.6893,7.4419,0.37,0.21,1.35,0.0,63.7,6.03134,48,6.53034
1234,Zn,Co,B,0.99894,70.54205999999998,0.8681399999999999,0.50415,-58.38663,-2.6842,1.04,9.6186,7.4419,0.175,0.21,1.35,0.0,63.7,6.06441,30,7.01812
1236,Ag,Co,B,0.95721,-44.22898,0.88126,0.58417,-6.59273,-2.66324,1.04,7.1384,7.4419,0.385,0.21,1.35,125.6,63.7,6.06168,47,6.935
