,Asite,Bsite,Type,At2g,Ap,Bt2g,Beg,Bp,Op,Bsite CS,Asite IP,Asite EA,Bsite EA,Asite s,Asite d,Bsite atomic_radius,Bsite average_ionic_radius,Asite exp_EA,GM,Asite Z,Work function
1,Rb,Al,A,0.0,-6.54587,0.0,0.0,7.45672,-0.61964,1.66,4.0528,0.5794,0.2572,1.67,0.71,1.25,0.675,46.9,5.03624,37,3.73413
3,Rb,Ga,A,0.0,-6.725910000000002,0.99991,0.99823,6.506480000000002,-0.48998,1.68,4.0528,0.5794,0.1686,1.67,0.71,1.3,0.76,46.9,5.02685,37,4.16464
5,Rb,In,A,0.0,-7.24127,0.99987,0.99196,6.315,-0.37424,1.6,4.0528,0.5794,0.2822,1.67,0.71,1.55,0.94,46.9,4.99503,37,4.73135
7,Rb,Ge,A,0.0,-6.59927,0.99997,0.99941,4.5054,-0.79428,1.92,4.0528,0.5794,0.934,1.67,0.71,1.25,0.77,46.9,5.40527,37,3.4828
9,Rb,Sn,A,0.0,-7.17915,0.99993,0.99868,4.93922,-0.5934699999999999,1.84,4.0528,0.5794,1.0258,1.67,0.71,1.45,0.83,46.9,5.33285,37,4.39669
11,Rb,Sb,A,0.0,-7.34127,0.99995,0.99906,2.85482,-1.15985,2.08,4.0528,0.5794,1.8032,1.67,0.71,1.45,0.83,46.9,5.46279,37,3.89076
13,Cs,Sc,A,0.0,-4.64414,0.11245,0.20228,-25.23559,-0.49408,0.74,3.6887,0.5471,0.0,1.71,0.0,1.6,0.885,45.5,4.99877,55,4.3523
15,Cs,Ti,A,0.0,-4.46691,0.19559,0.27892,-32.481359999999995,-1.03025,0.79,3.6887,0.5471,0.2526,1.71,0.0,1.4,0.85167,45.5,5.03127,55,3.4524
17,Cs,Zr,A,0.0,-4.65145,0.19003,0.28135,-24.75493,-0.49562,0.76,3.6887,0.5471,0.0,1.71,0.0,1.55,0.86,45.5,5.08551,55,4.09229
19,Cs,Hf,A,0.0,-4.6022,0.19346,0.28323000000000004,-28.3428,-0.49324,0.775,3.6887,0.5471,0.4432,1.71,0.0,1.55,0.85,45.5,5.12945,55,4.03376
21,Cs,V,A,0.0,-4.44134,0.32018,0.33312,-38.74522,-1.59585,0.84,3.6887,0.5471,0.0,1.71,0.0,1.35,0.7775,45.5,5.07428,55,2.43733
23,Cs,Nb,A,0.0,-5.09702,0.30027,0.35242,-31.23299,-1.65412,0.82,3.6887,0.5471,0.0864,1.71,0.0,1.45,0.82,45.5,5.18234,55,3.25037
25,Cs,Ta,A,0.0,-4.99026,0.27395,0.33759,-34.36057,-1.51941,0.83,3.6887,0.5471,1.1716,1.71,0.0,1.45,0.82,45.5,5.21054,55,3.3248300000000004
27,Cs,Cr,A,0.0,-5.06323,0.50635,0.3656,-44.21988,-2.36036,0.89,3.6887,0.5471,1.3828,1.71,0.0,1.4,0.94,45.5,5.10767,55,1.98104
29,Cs,Mo,A,0.0,-6.1124,0.47104,0.36978,-36.35599000000001,-3.05772,0.88,3.6887,0.5471,1.3549,1.71,0.0,1.45,0.775,45.5,5.15617,55,1.42356
31,Cs,W,A,0.0,-6.7134399999999985,0.44029,0.35200000000000004,-39.84204,-3.64825,0.885,3.6887,0.5471,1.9369,1.71,0.0,1.35,0.76667,45.5,5.2820800000000006,55,0.8818600000000001
33,Cs,Mn,A,0.0,-5.0843,0.61534,0.38611,-49.05907,-2.35755,0.94,3.6887,0.5471,1.8221,1.71,0.0,1.4,0.6483300000000001,45.5,5.10767,55,2.20395
35,Cs,Re,A,0.0,-6.5353900000000005,0.5935699999999999,0.37206,-43.53932,-3.66456,0.94,3.6887,0.5471,2.7319,1.71,0.0,1.35,0.7125,45.5,5.18751,55,0.99357
37,Cs,Fe,A,0.0,-4.99754,0.71786,0.46858,-53.89641,-2.14825,0.99,3.6887,0.5471,2.3040000000000003,1.71,0.0,1.4,0.8525,45.5,5.1978,55,2.55662
39,Cs,Al,A,0.0,-4.40747,0.0,0.0,6.61868,-0.83475,1.66,3.6887,0.5471,0.2572,1.71,0.0,1.25,0.675,45.5,4.9654,55,3.49539
41,Cs,Ga,A,0.0,-4.36966,0.99985,0.99854,5.8097,-0.64291,1.68,3.6887,0.5471,0.1686,1.71,0.0,1.3,0.76,45.5,4.95615,55,3.9076
43,Cs,In,A,0.0,-4.57146,0.99985,0.99486,5.8872800000000005,-0.41137,1.6,3.6887,0.5471,0.2822,1.71,0.0,1.55,0.94,45.5,4.92478,55,4.46301
45,Cs,Ge,A,0.0,-4.32793,0.99996,0.99943,3.80079,-0.98621,1.92,3.6887,0.5471,0.934,1.71,0.0,1.25,0.77,45.5,5.32924,55,3.3826400000000003
47,Cs,Sn,A,0.0,-4.47535,0.99993,0.99867,4.47444,-0.65031,1.84,3.6887,0.5471,1.0258,1.71,0.0,1.45,0.83,45.5,5.25785,55,4.09872
49,Cs,Sb,A,0.0,-4.35582,0.99996,0.99916,2.55772,-0.99098,2.08,3.6887,0.5471,1.8032,1.71,0.0,1.45,0.83,45.5,5.38595,55,3.72131
51,K,Zr,A,0.0,-10.55876,0.19241,0.28814,-24.17189,-0.4954,0.76,4.2663,0.5992,0.0,1.54,0.37,1.55,0.86,48.4,5.19285,19,4.94129
53,K,Hf,A,0.0,-10.47393,0.19636,0.29147,-27.68131,-0.49381,0.775,4.2663,0.5992,0.4432,1.54,0.37,1.55,0.85,48.4,5.23772,19,4.88951
55,K,V,A,0.0,-10.31691,0.308,0.35577,-38.66192,-1.7607,0.84,4.2663,0.5992,0.0,1.54,0.37,1.35,0.7775,48.4,5.18139,19,3.21099
57,K,Nb,A,0.0,-11.41973,0.2969,0.36146,-31.04743,-1.97087,0.82,4.2663,0.5992,0.0864,1.54,0.37,1.45,0.82,48.4,5.29173,19,4.12956
59,K,Ta,A,0.0,-11.11685,0.27318000000000003,0.34779,-33.86935,-1.6615400000000002,0.83,4.2663,0.5992,1.1716,1.54,0.37,1.45,0.82,48.4,5.32052,19,4.19145
61,K,Cr,A,0.0,-10.85052,0.49195,0.39293,-44.31767,-2.52273,0.89,4.2663,0.5992,1.3828,1.54,0.37,1.4,0.94,48.4,5.21548,19,2.48776
63,K,Mo,A,0.0,-12.46419,0.4671300000000001,0.3813,-36.32419,-3.44153,0.88,4.2663,0.5992,1.3549,1.54,0.37,1.45,0.775,48.4,5.26501,19,1.9853
65,K,W,A,0.0,-13.18835,0.44141,0.36312,-39.77278,-4.15256,0.885,4.2663,0.5992,1.9369,1.54,0.37,1.35,0.76667,48.4,5.39357,19,1.41394
67,K,Mn,A,0.0,-10.66158,0.6036699999999999,0.41138,-49.31527,-2.49189,0.94,4.2663,0.5992,1.8221,1.54,0.37,1.4,0.6483300000000001,48.4,5.21548,19,2.73573
69,K,Re,A,0.0,-13.03292,0.58341,0.38412,-43.65698,-4.2377699999999985,0.94,4.2663,0.5992,2.7319,1.54,0.37,1.35,0.7125,48.4,5.29701,19,1.5077200000000002
70,K,In,A,0.0,-10.33147,0.99985,0.98987,6.4401,-0.4344,1.6,4.2663,0.5992,0.2822,1.54,0.37,1.55,0.94,48.4,5.02873,19,5.16611
73,Rb,Zr,A,0.0,-7.44481,0.191,0.28517,-24.36633,-0.45072,0.76,4.0528,0.5794,0.0,1.67,0.71,1.55,0.86,46.9,5.15806,37,4.44577
75,Rb,Hf,A,0.0,-7.35688,0.19488,0.28705,-27.89984,-0.41654,0.775,4.0528,0.5794,0.4432,1.67,0.71,1.55,0.85,46.9,5.20263,37,4.37935
77,Rb,V,A,0.0,-7.171360000000001,0.31135,0.34843,-38.65724,-1.57108,0.84,4.0528,0.5794,0.0,1.67,0.71,1.35,0.7775,46.9,5.1466699999999985,37,2.66608
79,Rb,Nb,A,0.0,-7.481610000000001,0.29791,0.35791,-30.39181,-1.09901,0.82,4.0528,0.5794,0.0864,1.67,0.71,1.45,0.82,46.9,5.25627,37,3.57637
81,Rb,Ta,A,0.0,-8.61519,0.27332,0.34329,-34.68517,-2.19126,0.83,4.0528,0.5794,1.1716,1.67,0.71,1.45,0.82,46.9,5.28487,37,3.63504
83,Rb,Cr,A,0.0,-7.77458,0.49723,0.38434,-44.29918,-2.37217,0.89,4.0528,0.5794,1.3828,1.67,0.71,1.4,0.94,46.9,5.18053,37,2.00523
85,Rb,Mo,A,0.0,-9.23258,0.46523,0.37701,-36.34217,-3.25666,0.88,4.0528,0.5794,1.3549,1.67,0.71,1.45,0.775,46.9,5.22973,37,1.51663
87,Rb,W,A,0.0,-9.92344,0.44234,0.35859,-39.80293,-3.9073,0.885,4.0528,0.5794,1.9369,1.67,0.71,1.35,0.76667,46.9,5.35743,37,0.95172
89,K,Fe,A,0.0,-10.34431,0.6955600000000001,0.48217,-54.26703000000001,-2.21383,0.99,4.2663,0.5992,2.3040000000000003,1.54,0.37,1.4,0.8525,48.4,5.30751,19,3.13734
91,K,Al,A,0.0,-9.4945,0.0,0.0,7.954160000000001,-0.6320899999999999,1.66,4.2663,0.5992,0.2572,1.54,0.37,1.25,0.675,48.4,5.07022,19,4.24552
93,K,Ga,A,0.0,-9.71682,0.9999,0.99797,6.825,-0.49648,1.68,4.2663,0.5992,0.1686,1.54,0.37,1.3,0.76,48.4,5.06076,19,4.65994
95,Rb,Mn,A,0.0,-7.64265,0.60928,0.40558,-49.24209000000001,-2.32379,0.94,4.0528,0.5794,1.8221,1.67,0.71,1.4,0.6483300000000001,46.9,5.18053,37,2.24855
97,Rb,Re,A,0.0,-9.75028,0.59008,0.37946,-43.62134,-3.9559,0.94,4.0528,0.5794,2.7319,1.67,0.71,1.35,0.7125,46.9,5.26152,37,1.04757
99,Rb,Fe,A,0.0,-7.396339999999999,0.70577,0.48493,-54.14327,-2.0451900000000003,0.99,4.0528,0.5794,2.3040000000000003,1.67,0.71,1.4,0.8525,46.9,5.27195,37,2.67473
101,Li,In,A,0.0,0.0,0.99977,0.98643,6.9299300000000015,-0.50948,1.6,5.3425,0.7046,0.2822,0.985,0.0,1.55,0.94,59.6,5.25301,3,7.542289999999999
103,Li,Ge,A,0.0,0.0,0.99994,0.99924,5.50064,-1.08526,1.92,5.3425,0.7046,0.934,0.985,0.0,1.25,0.77,59.6,5.68444,3,7.1837300000000015
105,Li,Sn,A,0.0,0.0,0.99989,0.99846,5.60222,-0.70055,1.84,5.3425,0.7046,1.0258,0.985,0.0,1.45,0.83,59.6,5.6082800000000015,3,7.868530000000002
107,Li,Sb,A,0.0,0.0,0.99991,0.99889,3.44562,-1.41666,2.08,5.3425,0.7046,1.8032,0.985,0.0,1.45,0.83,59.6,5.74493,3,6.7808199999999985
109,Na,Sc,A,0.0,-21.45301,0.11892,0.21394,-24.26459,-0.45772,0.74,5.118,0.6796,0.0,1.1,0.0,1.6,0.885,52.8,5.27401,11,6.3761
111,Na,Ti,A,0.0,-21.29311,0.19399999999999998,0.2951,-31.63563,-1.02022,0.79,5.118,0.6796,0.2526,1.1,0.0,1.4,0.85167,52.8,5.3083,11,5.70805
113,Na,Zr,A,0.0,-21.78466,0.19275,0.28978000000000004,-23.9508,-0.48262,0.76,5.118,0.6796,0.0,1.1,0.0,1.55,0.86,52.8,5.36552,11,6.26997
115,Na,Hf,A,0.0,-21.71622,0.19719,0.29185,-27.43933,-0.46078,0.775,5.118,0.6796,0.4432,1.1,0.0,1.55,0.85,52.8,5.41188,11,6.25261
117,Na,V,A,0.0,-21.70433,0.30452,0.36263,-38.61561,-1.8625,0.84,5.118,0.6796,0.0,1.1,0.0,1.35,0.7775,52.8,5.3536800000000015,11,4.6734
119,Na,Nb,A,0.0,-22.51647,0.29435,0.36316,-30.66517,-1.76518,0.82,5.118,0.6796,0.0864,1.1,0.0,1.45,0.82,52.8,5.46769,11,5.4603
121,Na,Ta,A,0.0,-23.84412,0.2719,0.34946,-35.09328,-3.05987,0.83,5.118,0.6796,1.1716,1.1,0.0,1.45,0.82,52.8,5.49744,11,5.53765
123,Na,Cr,A,0.0,-22.24261,0.48549,0.4003,-44.3023,-2.6205,0.89,5.118,0.6796,1.3828,1.1,0.0,1.4,0.94,52.8,5.3889,11,3.86508
125,Na,Mo,A,0.0,-23.90977,0.45895,0.38398,-36.28579000000001,-3.55884,0.88,5.118,0.6796,1.3549,1.1,0.0,1.45,0.775,52.8,5.44007,11,3.23358
127,Na,W,A,0.0,-24.66649,0.43081,0.36543,-39.72481,-4.2706300000000015,0.885,5.118,0.6796,1.9369,1.1,0.0,1.35,0.76667,52.8,5.57291,11,2.66542
129,Na,Mn,A,0.0,-21.99934,0.60464,0.4113600000000001,-49.37508,-2.58188,0.94,5.118,0.6796,1.8221,1.1,0.0,1.4,0.6483300000000001,52.8,5.3889,11,4.10939
131,Na,Re,A,0.0,-24.54455,0.57623,0.38681,-43.68084,-4.39771,0.94,5.118,0.6796,2.7319,1.1,0.0,1.35,0.7125,52.8,5.47315,11,2.67768
133,Na,Fe,A,0.0,-21.64192,0.6948300000000001,0.47785,-54.36163000000001,-2.33268,0.99,5.118,0.6796,2.3040000000000003,1.1,0.0,1.4,0.8525,52.8,5.48399,11,4.4558300000000015
135,Na,Al,A,0.0,-20.70893,0.0,0.0,8.70075,-0.68376,1.66,5.118,0.6796,0.2572,1.1,0.0,1.25,0.675,52.8,5.23881,11,5.72455
137,Na,Ga,A,0.0,-20.92999,0.99985,0.9966,7.15245,-0.5816,1.68,5.118,0.6796,0.1686,1.1,0.0,1.3,0.76,52.8,5.22904,11,5.99379
139,Na,In,A,0.0,-21.53091,0.9998,0.98733,6.588210000000001,-0.51463,1.6,5.118,0.6796,0.2822,1.1,0.0,1.55,0.94,52.8,5.19594,11,6.34503
140,Na,Ge,A,0.0,-21.03914,0.99995,0.99929,5.19235,-1.06601,1.92,5.118,0.6796,0.934,1.1,0.0,1.25,0.77,52.8,5.62268,11,5.48292
142,Na,Sn,A,0.0,-21.51212,0.9999,0.99853,5.30999,-0.71768,1.84,5.118,0.6796,1.0258,1.1,0.0,1.45,0.83,52.8,5.54735,11,6.27953
144,Na,Sb,A,0.0,-21.77711,0.99993,0.99894,3.22241,-1.41508,2.08,5.118,0.6796,1.8032,1.1,0.0,1.45,0.83,52.8,5.68251,11,5.56727
146,K,Sc,A,0.0,-10.28696,0.11697,0.21012,-24.58241,-0.4643600000000001,0.74,4.2663,0.5992,0.0,1.54,0.37,1.6,0.885,48.4,5.10429,19,5.1272400000000005
148,K,Ti,A,0.0,-10.00721,0.19407,0.29004,-31.85946,-0.97053,0.79,4.2663,0.5992,0.2526,1.54,0.37,1.4,0.85167,48.4,5.13747,19,4.2948
150,Sr,Sb,A,0.0,-18.0138,0.99996,0.99937,0.09108,-3.67223,2.08,5.7777,0.0,1.8032,1.42,0.633,1.45,0.83,5.03,5.29392,38,2.0380700000000003
152,Ba,Sc,A,0.0,-9.69896,0.12433,0.21514,-24.76875,-0.56292,0.74,5.1752,0.0797,0.0,1.515,0.94,1.6,0.885,13.95,5.09582,56,4.2426
155,Ba,Zr,A,0.0,-11.89312,0.20502,0.29404,-26.3438,-2.53022,0.76,5.1752,0.0797,0.0,1.515,0.94,1.55,0.86,13.95,5.18424,56,2.09977
157,Ba,Hf,A,0.0,-11.5251,0.21097,0.29859,-29.654840000000004,-2.28168,0.775,5.1752,0.0797,0.4432,1.515,0.94,1.55,0.85,13.95,5.22904,56,2.7447
159,Ba,V,A,0.0,-11.14497,0.36089,0.30464,-39.31815,-3.4009,0.84,5.1752,0.0797,0.0,1.515,0.94,1.35,0.7775,13.95,5.1728,56,1.13592
161,Ba,Nb,A,0.0,-13.06138,0.38699,0.32416,-32.29305,-4.42655,0.82,5.1752,0.0797,0.0864,1.515,0.94,1.45,0.82,13.95,5.28296,56,1.8715
163,Ba,Ta,A,0.0,-13.61347,0.36819,0.31306,-35.99208,-5.0315699999999985,0.83,5.1752,0.0797,1.1716,1.515,0.94,1.45,0.82,13.95,5.3117,56,2.36575
165,Ba,Cr,A,0.0,-10.7241,0.5332600000000001,0.34326,-44.20008,-3.21496,0.89,5.1752,0.0797,1.3828,1.515,0.94,1.4,0.94,13.95,5.20683,56,1.29324
167,Ba,Mo,A,0.0,-12.56,0.53354,0.34526,-36.29487,-4.31349,0.88,5.1752,0.0797,1.3549,1.515,0.94,1.45,0.775,13.95,5.25627,56,1.54483
169,Ba,W,A,0.0,-13.22905,0.51441,0.32931,-39.71598,-4.99927,0.885,5.1752,0.0797,1.9369,1.515,0.94,1.35,0.76667,13.95,5.3846300000000005,56,2.14456
171,Ba,Mn,A,0.0,-10.23321,0.6359199999999999,0.36097,-48.92411,-2.8438,0.94,5.1752,0.0797,1.8221,1.515,0.94,1.4,0.6483300000000001,13.95,5.20683,56,1.7044400000000002
173,Ba,Re,A,0.0,-12.66683,0.65496,0.34945,-43.22499000000001,-4.6102300000000005,0.94,5.1752,0.0797,2.7319,1.515,0.94,1.35,0.7125,13.95,5.28823,56,1.5659999999999998
175,Ba,Fe,A,0.0,-9.78154,0.7219,0.43102,-53.7556,-2.42426,0.99,5.1752,0.0797,2.3040000000000003,1.515,0.94,1.4,0.8525,13.95,5.29871,56,2.13974
176,Ba,Al,A,0.0,-8.674339999999999,0.0,0.0,6.4294400000000005,-0.71023,1.66,5.1752,0.0797,0.2572,1.515,0.94,1.25,0.675,13.95,5.06181,56,3.39515
179,Ba,Ga,A,0.0,-9.0258,0.99989,0.99827,5.60503,-0.61149,1.68,5.1752,0.0797,0.1686,1.515,0.94,1.3,0.76,13.95,5.05237,56,3.84987
181,Ba,In,A,0.0,-9.81801,0.99982,0.99061,5.34473,-0.54235,1.6,5.1752,0.0797,0.2822,1.515,0.94,1.55,0.94,13.95,5.02039,56,4.28979
183,Ba,Ge,A,0.0,-9.04822,0.99996,0.99942,3.61042,-1.0719,1.92,5.1752,0.0797,0.934,1.515,0.94,1.25,0.77,13.95,5.43271,56,2.91593
184,Ba,Sn,A,0.0,-9.80838,0.9999,0.99866,4.0164300000000015,-0.88382,1.84,5.1752,0.0797,1.0258,1.515,0.94,1.45,0.83,13.95,5.35993,56,3.69986
186,Ba,Sb,A,0.0,-12.51829,0.99996,0.99941,0.31628,-3.19548,2.08,5.1752,0.0797,1.8032,1.515,0.94,1.45,0.83,13.95,5.49052,56,1.66813
188,Y,W,A,0.15217999999999998,-24.9368,0.53289,0.32918000000000003,-39.43072,-5.74301,0.885,6.5236,0.0,1.9369,1.32,0.58,1.35,0.76667,29.6,5.69996,39,2.69323
190,Y,Mn,A,0.15819,-23.72106,0.66662,0.30319,-48.51737,-4.28145,0.94,6.5236,0.0,1.8221,1.32,0.58,1.4,0.6483300000000001,29.6,5.51175,39,2.41909
192,Y,Re,A,0.14394,-24.85248,0.6715300000000001,0.34185,-42.88504,-5.46235,0.94,6.5236,0.0,2.7319,1.32,0.58,1.35,0.7125,29.6,5.59791,39,2.98677
194,Y,Fe,A,0.15796,-23.02484,0.84385,0.33654,-53.35911,-3.69681,0.99,6.5236,0.0,2.3040000000000003,1.32,0.58,1.4,0.8525,29.6,5.60901,39,2.64303
195,Y,Al,A,0.15522,-22.30335,0.0,0.0,6.45078,-2.20655,1.66,6.5236,0.0,0.2572,1.32,0.58,1.25,0.675,29.6,5.358230000000002,39,2.62942
197,Y,Ga,A,0.14570999999999998,-23.7706,0.99968,0.99874,3.33,-3.13007,1.68,6.5236,0.0,0.1686,1.32,0.58,1.3,0.76,29.6,5.3482400000000005,39,2.49335
199,Y,In,A,0.13319,-24.37514,0.99944,0.99773,3.1562900000000003,-2.38377,1.6,6.5236,0.0,0.2822,1.32,0.58,1.55,0.94,29.6,5.31439,39,3.22359
201,Y,Ge,A,0.1287,-25.28961,0.99992,0.99942,0.35502,-5.2218,1.92,6.5236,0.0,0.934,1.32,0.58,1.25,0.77,29.6,5.7508599999999985,39,2.56245
203,Y,Sn,A,0.11837,-25.42484,0.9998,0.99871,0.526,-4.85762,1.84,6.5236,0.0,1.0258,1.32,0.58,1.45,0.83,29.6,5.67381,39,2.9204
205,Y,Sb,A,0.1332,-25.52486,0.99992,0.99953,-0.10693,-4.1852,2.08,6.5236,0.0,1.8032,1.32,0.58,1.45,0.83,29.6,5.81205,39,2.7744
207,Li,Sc,A,0.0,0.0,0.12044,0.21598,-24.13025,-0.4598,0.74,5.3425,0.7046,0.0,0.985,0.0,1.6,0.885,59.6,5.33194,3,7.8376
209,Li,Ti,A,0.0,0.0,0.19423,0.29716,-31.53465,-1.04,0.79,5.3425,0.7046,0.2526,0.985,0.0,1.4,0.85167,59.6,5.36661,3,7.60907
211,Li,Zr,A,0.0,0.0,0.19349,0.29037,-23.8542,-0.47662,0.76,5.3425,0.7046,0.0,0.985,0.0,1.55,0.86,59.6,5.42446,3,7.870039999999999
213,Li,Hf,A,0.0,0.0,0.1984,0.29216,-27.33698,-0.44932,0.775,5.3425,0.7046,0.4432,0.985,0.0,1.55,0.85,59.6,5.47133,3,7.87465
215,Li,V,A,0.0,0.0,0.30344,0.36538,-38.58387000000001,-1.90813,0.84,5.3425,0.7046,0.0,0.985,0.0,1.35,0.7775,59.6,5.41248,3,6.6024699999999985
217,Li,Nb,A,0.0,0.0,0.29441,0.36403,-30.92432,-2.10077,0.82,5.3425,0.7046,0.0864,0.985,0.0,1.45,0.82,59.6,5.52775,3,7.2428
219,Li,Ta,A,0.0,0.0,0.27224,0.35004,-34.8632,-2.90805,0.83,5.3425,0.7046,1.1716,0.985,0.0,1.45,0.82,59.6,5.55782,3,7.06554
221,Li,Cr,A,0.0,0.0,0.48104,0.4032,-44.29096,-2.67716,0.89,5.3425,0.7046,1.3828,0.985,0.0,1.4,0.94,59.6,5.4481,3,5.41769
223,K,Ge,A,0.0,-9.68246,0.99997,0.99936,4.8235800000000015,-0.90109,1.92,4.2663,0.5992,0.934,1.54,0.37,1.25,0.77,48.4,5.44174,19,3.991330000000001
225,K,Sn,A,0.0,-10.2859,0.99992,0.99863,5.12044,-0.65186,1.84,4.2663,0.5992,1.0258,1.54,0.37,1.45,0.83,48.4,5.36883,19,4.89814
227,K,Sb,A,0.0,-10.48502,0.99995,0.99901,2.99638,-1.30102,2.08,4.2663,0.5992,1.8032,1.54,0.37,1.45,0.83,48.4,5.49964,19,4.37967
229,Rb,Sc,A,0.0,-7.23638,0.11476,0.20605,-24.84574,-0.43085,0.74,4.0528,0.5794,0.0,1.67,0.71,1.6,0.885,46.9,5.07009,37,4.65867
231,Rb,Ti,A,0.0,-6.9131399999999985,0.19415,0.28537,-32.059670000000004,-0.88235,0.79,4.0528,0.5794,0.2526,1.67,0.71,1.4,0.85167,46.9,5.10305,37,3.7354
233,Li,Mo,A,0.0,0.0,0.45703,0.38509,-36.26548,-3.60999,0.88,5.3425,0.7046,1.3549,0.985,0.0,1.45,0.775,59.6,5.49983,3,4.83073
235,Li,W,A,0.0,0.0,0.43082,0.36636,-39.70431,-4.32199,0.885,5.3425,0.7046,1.9369,0.985,0.0,1.35,0.76667,59.6,5.63413,3,4.25254
237,Li,Mn,A,0.0,0.0,0.59843,0.41315,-49.37794,-2.63575,0.94,5.3425,0.7046,1.8221,0.985,0.0,1.4,0.6483300000000001,59.6,5.4481,3,5.68309
239,Li,Re,A,0.0,0.0,0.58005,0.38772,-43.68314,-4.46995,0.94,5.3425,0.7046,2.7319,0.985,0.0,1.35,0.7125,59.6,5.53326,3,4.18021
241,Li,Fe,A,0.0,0.0,0.69294,0.47433,-54.39139,-2.41134,0.99,5.3425,0.7046,2.3040000000000003,0.985,0.0,1.4,0.8525,59.6,5.5442300000000015,3,6.182
243,Li,Al,A,0.0,0.0,0.0,0.0,9.08165,-0.73245,1.66,5.3425,0.7046,0.2572,0.985,0.0,1.25,0.675,59.6,5.29635,3,7.381869999999998
245,Li,Ga,A,0.0,0.0,0.99982,0.99628,7.55505,-0.59387,1.68,5.3425,0.7046,0.1686,0.985,0.0,1.3,0.76,59.6,5.28647,3,7.444139999999999
247,Ca,Fe,A,0.0,-20.33502,0.74907,0.43371,-53.95036999999999,-2.96626,0.99,6.2588,0.0,2.3040000000000003,1.32,0.34,1.4,0.8525,2.37,5.2073,20,3.61708
249,Ca,Al,A,0.0,-19.08963,0.0,0.0,7.479430000000002,-0.87372,1.66,6.2588,0.0,0.2572,1.32,0.34,1.25,0.675,2.37,4.974480000000002,20,4.97478
251,Ca,Ga,A,0.0,-19.61148,0.99984,0.99758,5.72804,-0.84062,1.68,6.2588,0.0,0.1686,1.32,0.34,1.3,0.76,2.37,4.96521,20,5.33323
253,Ca,In,A,0.0,-20.638070000000006,0.99975,0.98672,5.15241,-0.80235,1.6,6.2588,0.0,0.2822,1.32,0.34,1.55,0.94,2.37,4.9337800000000005,20,5.55529
255,Ca,Ge,A,0.0,-19.75071,0.99995,0.99931,3.87988,-1.56252,1.92,6.2588,0.0,0.934,1.32,0.34,1.25,0.77,2.37,5.33899,20,4.13636
258,Ca,Sb,A,0.0,-23.99589,0.99995,0.99936,-0.09496,-4.02399,2.08,6.2588,0.0,1.8032,1.32,0.34,1.45,0.83,2.37,5.3958,20,2.6188
260,Sr,Sc,A,0.0,-14.7246,0.12742,0.22098,-24.39078,-0.63344,0.74,5.7777,0.0,0.0,1.42,0.633,1.6,0.885,5.03,4.91335,38,4.90776
262,Sr,Ti,A,0.0,-15.1888,0.1998,0.29886,-32.8896,-2.0884400000000003,0.79,5.7777,0.0,0.2526,1.42,0.633,1.4,0.85167,5.03,4.9453,38,3.4793199999999995
265,Sr,Hf,A,0.0,-15.980620000000002,0.21326,0.31009000000000003,-28.696690000000004,-1.7575599999999998,0.775,5.7777,0.0,0.4432,1.42,0.633,1.55,0.85,5.03,5.0418,38,3.39399
267,Sr,V,A,0.0,-16.30046,0.36314,0.31326,-39.28539,-3.72367,0.84,5.7777,0.0,0.0,1.42,0.633,1.35,0.7775,5.03,4.98757,38,1.70646
269,Sr,Nb,A,0.0,-18.37017,0.38771,0.32883,-32.24708,-4.73543,0.82,5.7777,0.0,0.0864,1.42,0.633,1.45,0.82,5.03,5.09379,38,1.58827
271,Sr,Ta,A,0.0,-18.92582,0.3723,0.3189,-35.93282,-5.38389,0.83,5.7777,0.0,1.1716,1.42,0.633,1.45,0.82,5.03,5.1215,38,2.31035
273,Sr,Cr,A,0.0,-15.86866,0.52955,0.35278000000000004,-44.26219,-3.57164,0.89,5.7777,0.0,1.3828,1.42,0.633,1.4,0.94,5.03,5.02039,38,2.00591
275,Sr,Mo,A,0.0,-17.87552,0.52866,0.35037,-36.31132,-4.65846,0.88,5.7777,0.0,1.3549,1.42,0.633,1.45,0.775,5.03,5.06806,38,1.40413
277,Sr,W,A,0.0,-18.55873,0.5092899999999999,0.33523000000000003,-39.71043,-5.39291,0.885,5.7777,0.0,1.9369,1.42,0.633,1.35,0.76667,5.03,5.19182,38,1.85363
279,Sr,Mn,A,0.0,-15.23901,0.64405,0.36364,-49.00403,-3.1467,0.94,5.7777,0.0,1.8221,1.42,0.633,1.4,0.6483300000000001,5.03,5.02039,38,2.44351
281,Sr,Re,A,0.0,-17.99052,0.64954,0.35513,-43.26747,-5.021719999999998,0.94,5.7777,0.0,2.7319,1.42,0.633,1.35,0.7125,5.03,5.09887,38,1.41274
283,Sr,Fe,A,0.0,-14.70754,0.74425,0.43369,-53.88757,-2.70962,0.99,5.7777,0.0,2.3040000000000003,1.42,0.633,1.4,0.8525,5.03,5.10898,38,2.82973
285,Sr,Al,A,0.0,-13.48251,0.0,0.0,7.1398199999999985,-0.72635,1.66,5.7777,0.0,0.2572,1.42,0.633,1.25,0.675,5.03,4.88056,38,4.11509
287,Sr,Ga,A,0.0,-13.953,0.99987,0.99816,5.91757,-0.66764,1.68,5.7777,0.0,0.1686,1.42,0.633,1.3,0.76,5.03,4.87146,38,4.5286800000000005
289,Sr,In,A,0.0,-14.9122,0.99978,0.98829,5.39806,-0.6708,1.6,5.7777,0.0,0.2822,1.42,0.633,1.55,0.94,5.03,4.84062,38,4.88087
291,Sr,Ge,A,0.0,-14.08978,0.99996,0.99935,3.84583,-1.33412,1.92,5.7777,0.0,0.934,1.42,0.633,1.25,0.77,5.03,5.238180000000002,38,3.32216
293,Sr,Sn,A,0.0,-15.48954,0.99989,0.99859,3.57485,-1.59075,1.84,5.7777,0.0,1.0258,1.42,0.633,1.45,0.83,5.03,5.167999999999999,38,4.45315
295,Y,Cr,A,0.15936,-24.27939,0.57925,0.30752,-43.77915,-4.68805,0.89,6.5236,0.0,1.3828,1.32,0.58,1.4,0.94,29.6,5.51175,39,2.34553
297,Ca,V,A,0.0,-22.03619,0.36066,0.31885,-39.2541,-3.969,0.84,6.2588,0.0,0.0,1.32,0.34,1.35,0.7775,2.37,5.0835599999999985,20,2.4279900000000003
299,Ca,Nb,A,0.0,-24.06465,0.38644,0.33307,-32.21526,-4.91364,0.82,6.2588,0.0,0.0864,1.32,0.34,1.45,0.82,2.37,5.19182,20,1.79828
301,Ca,Ta,A,0.0,-24.47878,0.36793,0.34943,-35.87489,-5.65931,0.83,6.2588,0.0,1.1716,1.32,0.34,1.45,0.82,2.37,5.22006,20,2.01494
303,Ca,Cr,A,0.0,-21.59973,0.52794,0.35864,-44.28081,-3.83968,0.89,6.2588,0.0,1.3828,1.32,0.34,1.4,0.94,2.37,5.11701,20,2.7516
305,Ca,Mo,A,0.0,-23.61258,0.5303399999999999,0.35477,-36.316,-4.88296,0.88,6.2588,0.0,1.3549,1.32,0.34,1.45,0.775,2.37,5.16559,20,2.12208
307,Y,Mo,A,0.14938,-24.90831,0.55735,0.33491,-35.96511,-5.18791,0.88,6.5236,0.0,1.3549,1.32,0.58,1.45,0.775,29.6,5.56409,39,2.76517
309,Mg,Mo,A,0.0,-45.59309,0.51398,0.36044,-36.24762,-4.62113,0.88,7.9081,0.0,1.3549,0.9,0.0,1.45,0.775,0.0,5.74701,12,3.72532
311,Mg,W,A,0.0,-45.59351,0.48511,0.34814,-39.62801,-5.06803,0.885,7.9081,0.0,1.9369,0.9,0.0,1.35,0.76667,0.0,5.88735,12,4.1611699999999985
313,Mg,Mn,A,0.0,-43.80407,0.61244,0.36782,-49.05941,-3.54432,0.94,7.9081,0.0,1.8221,0.9,0.0,1.4,0.6483300000000001,0.0,5.69295,12,4.61007
315,Mg,Re,A,0.0,-45.51039,0.62856,0.36587,-43.27832,-4.94359,0.94,7.9081,0.0,2.7319,0.9,0.0,1.35,0.7125,0.0,5.78195,12,3.78199
317,Mg,Fe,A,0.0,-43.12478,0.76474,0.41578,-53.96308000000001,-3.06868,0.99,7.9081,0.0,2.3040000000000003,0.9,0.0,1.4,0.8525,0.0,5.79341,12,5.03117
319,Mg,Al,A,0.0,-41.95682,0.0,0.0,7.846660000000001,-1.06694,1.66,7.9081,0.0,0.2572,0.9,0.0,1.25,0.675,0.0,5.53439,12,6.48072
321,Mg,Ga,A,0.0,-42.36496,0.99976,0.99732,5.84307,-0.96163,1.68,7.9081,0.0,0.1686,0.9,0.0,1.3,0.76,0.0,5.52407,12,6.724260000000001
323,Mg,In,A,0.0,-43.19085,0.99962,0.98454,5.3360400000000014,-0.8728299999999999,1.6,7.9081,0.0,0.2822,0.9,0.0,1.55,0.94,0.0,5.4891,12,6.721
325,Mg,Sb,A,0.0,-45.53724,0.99994,0.9992,-0.04003,-4.04256,2.08,7.9081,0.0,1.8032,0.9,0.0,1.45,0.83,0.0,6.0031300000000005,12,4.28733
327,Ca,Sc,A,0.0,-20.40456,0.12942,0.22505,-24.1573,-0.7128800000000001,0.74,6.2588,0.0,0.0,1.32,0.34,1.6,0.885,2.37,5.00791,20,5.67261
329,Ca,Ti,A,0.0,-20.20471,0.19969,0.30339,-32.07318,-1.5586,0.79,6.2588,0.0,0.2526,1.32,0.34,1.4,0.85167,2.37,5.04047,20,4.25028
330,Ca,Zr,A,0.0,-23.39729,0.20734,0.33328,-26.59314,-3.49894,0.76,6.2588,0.0,0.0,1.32,0.34,1.55,0.86,2.37,5.09481,20,4.23187
332,Ca,Hf,A,0.0,-21.18859,0.21436,0.36654,-28.01553,-1.53774,0.775,6.2588,0.0,0.4432,1.32,0.34,1.55,0.85,2.37,5.1388300000000005,20,3.1269
334,Ca,W,A,0.0,-24.18091,0.5120899999999999,0.34226,-39.71102,-5.62449,0.885,6.2588,0.0,1.9369,1.32,0.34,1.35,0.76667,2.37,5.29173,20,1.77554
336,Ca,Mn,A,0.0,-20.90227,0.61712,0.36586,-49.0442,-3.40303,0.94,6.2588,0.0,1.8221,1.32,0.34,1.4,0.6483300000000001,2.37,5.11701,20,3.23433
338,Ca,Re,A,0.0,-23.67897,0.6502399999999999,0.3609,-43.28082,-5.27219,0.94,6.2588,0.0,2.7319,1.32,0.34,1.35,0.7125,2.37,5.197,20,2.19246
340,La,W,A,0.29822,-17.41648,0.55498,0.88005,-39.40346,-6.44157,0.885,4.8037,1.6693,1.9369,1.375,0.8740000000000001,1.35,0.76667,48.0,5.66742,57,1.88806
341,La,Ge,A,0.1838,-17.76326,0.99994,0.9997,-10.69155,-5.63216,1.92,4.8037,1.6693,0.934,1.375,0.8740000000000001,1.25,0.77,48.0,5.7180300000000015,57,2.28201
344,La,Sn,A,0.16201,-18.07758,0.99985,0.99921,-10.59139,-5.49191,1.84,4.8037,1.6693,1.0258,1.375,0.8740000000000001,1.45,0.83,48.0,5.6414300000000015,57,2.20493
346,La,Sb,A,0.1765,-18.09456,0.99994,0.99982,-8.70702,-4.95455,2.08,4.8037,1.6693,1.8032,1.375,0.8740000000000001,1.45,0.83,48.0,5.77888,57,1.80509
348,Mg,Sc,A,0.0,-42.98259,0.13052,0.22763000000000005,-23.98304,-0.7357899999999999,0.74,7.9081,0.0,0.0,0.9,0.0,1.6,0.885,0.0,5.57158,12,6.90997
350,Mg,Ti,A,0.0,-43.35379,0.19879,0.30686,-32.32845,-1.96349,0.79,7.9081,0.0,0.2526,0.9,0.0,1.4,0.85167,0.0,5.6078,12,5.53766
354,Mg,V,A,0.0,-44.92968,0.3578,0.32267,-39.21177,-4.07921,0.84,7.9081,0.0,0.0,0.9,0.0,1.35,0.7775,0.0,5.65574,12,3.75888
356,Mg,Nb,A,0.0,-45.55111,0.34807,0.34098,-32.14041,-4.42695,0.82,7.9081,0.0,0.0864,0.9,0.0,1.45,0.82,0.0,5.77618,12,3.58736
358,Mg,Ta,A,0.0,-45.45644,0.32026,0.33406,-35.91938,-4.8405,0.83,7.9081,0.0,1.1716,0.9,0.0,1.45,0.82,0.0,5.80761,12,3.86031
360,Mg,Cr,A,0.0,-44.50813,0.53033,0.36207,-44.24678,-3.95061,0.89,7.9081,0.0,1.3828,0.9,0.0,1.4,0.94,0.0,5.69295,12,4.0981
362,Y,Sc,A,0.14776,-23.78057,0.12625999999999998,0.23389,-25.41654,-2.18611,0.74,6.5236,0.0,0.0,1.32,0.58,1.6,0.885,29.6,5.39424,39,2.7789200000000003
364,Y,Ti,A,0.15696,-24.85804,0.24179,0.26606,-34.02543,-4.89594,0.79,6.5236,0.0,0.2526,1.32,0.58,1.4,0.85167,29.6,5.42931,39,2.34163
366,Y,Zr,A,0.1423,-25.13096,0.22438,0.3217,-27.48399,-4.93562,0.76,6.5236,0.0,0.0,1.32,0.58,1.55,0.86,29.6,5.48784,39,2.97868
368,Y,Hf,A,0.14237,-25.07323,0.22656,0.35087,-31.40581,-5.28376,0.775,6.5236,0.0,0.4432,1.32,0.58,1.55,0.85,29.6,5.53526,39,2.82674
370,La,Mn,A,0.6149600000000001,-15.95112,0.68188,0.30186,-48.51406,-4.530869999999998,0.94,4.8037,1.6693,1.8221,1.375,0.8740000000000001,1.4,0.6483300000000001,48.0,5.48029,57,1.6973599999999998
372,La,Re,A,0.3547,-17.280829999999998,0.6975600000000001,0.6107100000000001,-42.84901,-6.18647,0.94,4.8037,1.6693,2.7319,1.375,0.8740000000000001,1.35,0.7125,48.0,5.56596,57,1.92911
374,La,Fe,A,0.63545,-15.33451,0.7959,0.33673000000000003,-53.34404,-3.98661,0.99,4.8037,1.6693,2.3040000000000003,1.375,0.8740000000000001,1.4,0.8525,48.0,5.577000000000001,57,1.97875
376,La,Al,A,0.16329000000000002,-14.771070000000002,0.0,0.0,3.43485,-2.46563,1.66,4.8037,1.6693,0.2572,1.375,0.8740000000000001,1.25,0.675,48.0,5.32765,57,2.5467
378,La,Ga,A,0.18647,-15.13262,0.99976,0.99941,-10.54364,-2.82801,1.68,4.8037,1.6693,0.1686,1.375,0.8740000000000001,1.3,0.76,48.0,5.31772,57,2.34901
380,La,In,A,0.15346,-17.06164,0.99952,0.99928,-11.40089,-3.39295,1.6,4.8037,1.6693,0.2822,1.375,0.8740000000000001,1.55,0.94,48.0,5.28406,57,2.18143
382,Y,V,A,0.16077,-24.63861,0.40506,0.27699,-38.98784000000001,-4.98614,0.84,6.5236,0.0,0.0,1.32,0.58,1.35,0.7775,29.6,5.47572,39,2.3438
384,Y,Nb,A,0.15192999999999998,-24.99061,0.39954,0.32031,-31.98703,-5.2289900000000005,0.82,6.5236,0.0,0.0864,1.32,0.58,1.45,0.82,29.6,5.5923300000000005,39,2.7858400000000003
386,Y,Ta,A,0.15295,-24.94132,0.3704,0.33622,-35.67517,-5.74611,0.83,6.5236,0.0,1.1716,1.32,0.58,1.45,0.82,29.6,5.62276,39,2.70942
388,Cr,Hf,A,0.35621,-43.23208,0.20765,0.44079,-28.87911,-2.8916,0.775,6.7401,1.3828,0.4432,1.07,0.25,1.55,0.85,64.3,5.70805,24,9.74539
390,Cr,V,A,0.3453,-43.31044,0.35218,0.32375,-39.0954,-4.13375,0.84,6.7401,1.3828,0.0,1.07,0.25,1.35,0.7775,64.3,5.64666,24,6.15415
392,Cr,Nb,A,0.36406,-43.01538,0.33314,0.39013,-31.96974,-4.3477,0.82,6.7401,1.3828,0.0864,1.07,0.25,1.45,0.82,64.3,5.76691,24,6.54188
394,Cr,Ta,A,0.4256,-42.94679,0.30525,0.41676,-35.59558,-4.8583300000000005,0.83,6.7401,1.3828,1.1716,1.07,0.25,1.45,0.82,64.3,5.79829,24,7.0122
397,Cr,Cr,A,0.36873,-43.69616,0.36873,0.6207,-43.69616,-4.22111,0.89,6.7401,1.3828,1.3828,1.07,0.25,1.4,0.94,64.3,5.68382,24,5.53077
398,Cr,Cr,A,0.36873,-43.69616,0.36873,0.6207,-43.69616,-4.22111,0.89,6.7401,1.3828,1.3828,1.07,0.25,1.4,0.94,64.3,5.68382,24,5.53077
400,Cr,Mo,A,0.36814,-43.08713,0.49481,0.37466,-36.25089000000001,-4.5263,0.88,6.7401,1.3828,1.3549,1.07,0.25,1.45,0.775,64.3,5.73779,24,5.29859
402,Cr,W,A,0.38073,-42.98579,0.45833,0.40272,-39.68269,-5.23373,0.885,6.7401,1.3828,1.9369,1.07,0.25,1.35,0.76667,64.3,5.8779,24,5.2893300000000005
404,Cr,Mn,A,0.35864,-43.43425,0.66325,0.34163000000000004,-48.74391,-4.22039,0.94,6.7401,1.3828,1.8221,1.07,0.25,1.4,0.6483300000000001,64.3,5.68382,24,6.1334300000000015
406,Cr,Re,A,0.35447,-43.07109000000001,0.60902,0.38965,-43.36328,-5.12023,0.94,6.7401,1.3828,2.7319,1.07,0.25,1.35,0.7125,64.3,5.77267,24,4.81001
408,Cr,Fe,A,0.36971,-43.52459,0.81013,0.36473,-53.72685,-4.10066,0.99,6.7401,1.3828,2.3040000000000003,1.07,0.25,1.4,0.8525,64.3,5.78411,24,6.54502
410,Cr,Al,A,0.36043,-43.55373,0.0,0.0,6.366630000000002,-2.48832,1.66,6.7401,1.3828,0.2572,1.07,0.25,1.25,0.675,64.3,5.5255,24,6.61885
412,Cr,Ga,A,0.36275,-43.5499,0.99961,0.99883,2.7341900000000003,-2.3817,1.68,6.7401,1.3828,0.1686,1.07,0.25,1.3,0.76,64.3,5.5152,24,7.0784600000000015
414,Cr,In,A,0.4135,-43.45807,0.99944,0.99427,3.4185,-1.65318,1.6,6.7401,1.3828,0.2822,1.07,0.25,1.55,0.94,64.3,5.48029,24,9.09043
416,Cr,Ge,A,0.38989,-43.26388,0.99994,0.99933,0.02615,-4.33214,1.92,6.7401,1.3828,0.934,1.07,0.25,1.25,0.77,64.3,5.93039,24,5.96167
418,Cr,Sn,A,0.37762,-43.23682,0.99985,0.99872,1.48784,-3.17407,1.84,6.7401,1.3828,1.0258,1.07,0.25,1.45,0.83,64.3,5.85093,24,9.08166
420,Cr,Sb,A,0.41972,-43.02394,0.99996,0.99918,-0.33915,-4.21321,2.08,6.7401,1.3828,1.8032,1.07,0.25,1.45,0.83,64.3,5.99349,24,8.18367
422,La,Sc,A,0.20114,-15.57955,0.19225,0.97682,-25.18868,-2.29624,0.74,4.8037,1.6693,0.0,1.375,0.8740000000000001,1.6,0.885,48.0,5.36345,57,1.97297
424,La,Ti,A,0.36784,-17.34824,0.26561,0.5062,-34.03867,-5.50102,0.79,4.8037,1.6693,0.2526,1.375,0.8740000000000001,1.4,0.85167,48.0,5.39832,57,2.00571
426,La,Zr,A,0.21873,-17.78805,0.3359,0.97761,-27.42724,-5.57891,0.76,4.8037,1.6693,0.0,1.375,0.8740000000000001,1.55,0.86,48.0,5.4565199999999985,57,1.96738
428,La,Hf,A,0.20205,-17.76301,0.35378000000000004,0.97442,-31.38831,-5.91143,0.775,4.8037,1.6693,0.4432,1.375,0.8740000000000001,1.55,0.85,48.0,5.50366,57,2.10916
430,La,V,A,0.42921,-16.98953,0.41201,0.43299,-39.02559,-5.52332,0.84,4.8037,1.6693,0.0,1.375,0.8740000000000001,1.35,0.7775,48.0,5.44447,57,1.76604
432,La,Nb,A,0.2791,-17.53156,0.43467,0.96166,-32.00437,-5.9276,0.82,4.8037,1.6693,0.0864,1.375,0.8740000000000001,1.45,0.82,48.0,5.56041,57,1.89507
434,La,Ta,A,0.28088,-17.53691,0.42783,0.97053,-35.62247,-6.32714,0.83,4.8037,1.6693,1.1716,1.375,0.8740000000000001,1.45,0.82,48.0,5.5906699999999985,57,2.11436
436,La,Cr,A,0.5362399999999999,-16.51047,0.58111,0.32882,-43.80767,-5.03169,0.89,4.8037,1.6693,1.3828,1.375,0.8740000000000001,1.4,0.94,48.0,5.48029,57,1.63309
438,La,Mo,A,0.34921,-17.34703,0.57694,0.62797,-35.98259,-5.8985,0.88,4.8037,1.6693,1.3549,1.375,0.8740000000000001,1.45,0.775,48.0,5.53233,57,1.84039
440,V,Sc,A,0.27052,-39.19868,0.12846,0.29099,-24.55072,-1.94044,0.74,6.4707,0.0,0.0,1.09,0.26,1.6,0.885,50.6,5.52628,23,7.67547
442,V,Ti,A,0.22512,-38.92998,0.20623,0.29853,-33.582609999999995,-3.78299,0.79,6.4707,0.0,0.2526,1.09,0.26,1.4,0.85167,50.6,5.5622099999999985,23,8.03872
444,V,Zr,A,0.23293000000000005,-38.84874,0.20332,0.40139,-25.80998,-3.23869,0.76,6.4707,0.0,0.0,1.09,0.26,1.55,0.86,50.6,5.62216,23,9.25386
446,V,Hf,A,0.24206,-38.83754,0.21068,0.43539,-29.40813,-3.41598,0.775,6.4707,0.0,0.4432,1.09,0.26,1.55,0.85,50.6,5.67074,23,9.76571
449,V,V,A,0.2119,-38.99542,0.2119,0.51977,-38.99542,-4.37084,0.84,6.4707,0.0,0.0,1.09,0.26,1.35,0.7775,50.6,5.60975,23,6.0202
450,V,V,A,0.2119,-38.99542,0.2119,0.51977,-38.99542,-4.37084,0.84,6.4707,0.0,0.0,1.09,0.26,1.35,0.7775,50.6,5.60975,23,6.0202
452,V,Nb,A,0.27131,-38.63685,0.34787,0.38569,-32.00793,-4.61268,0.82,6.4707,0.0,0.0864,1.09,0.26,1.45,0.82,50.6,5.72922,23,6.32709
454,V,Ta,A,0.27654,-38.56019000000001,0.3177,0.4091,-35.64177,-5.1216300000000015,0.83,6.4707,0.0,1.1716,1.09,0.26,1.45,0.82,50.6,5.76039,23,6.685910000000002
456,V,Cr,A,0.22981,-38.99691,0.54577,0.34632,-43.99357,-4.42535,0.89,6.4707,0.0,1.3828,1.09,0.26,1.4,0.94,50.6,5.64666,23,5.36006
458,V,Mo,A,0.19946,-38.71438,0.5007,0.36633,-36.21157,-4.70417,0.88,6.4707,0.0,1.3549,1.09,0.26,1.45,0.775,50.6,5.70028,23,4.96738
460,V,W,A,0.22791,-38.5963,0.47009,0.39784,-39.63302,-5.4217900000000006,0.885,6.4707,0.0,1.9369,1.09,0.26,1.35,0.76667,50.6,5.83948,23,5.22431
462,V,Mn,A,0.2423,-39.07277,0.68212,0.33447,-48.67983,-4.38407,0.94,6.4707,0.0,1.8221,1.09,0.26,1.4,0.6483300000000001,50.6,5.64666,23,5.74899
464,V,Re,A,0.23677,-38.70727,0.62379,0.37816,-43.27848,-5.22441,0.94,6.4707,0.0,2.7319,1.09,0.26,1.35,0.7125,50.6,5.73494,23,5.06737
466,V,Fe,A,0.23948000000000005,-39.18543,0.8241,0.35479,-53.64975,-4.28716,0.99,6.4707,0.0,2.3040000000000003,1.09,0.26,1.4,0.8525,50.6,5.7463,23,6.02963
468,V,Al,A,0.28359,-39.19248,0.0,0.0,5.938280000000002,-2.82754,1.66,6.4707,0.0,0.2572,1.09,0.26,1.25,0.675,50.6,5.48939,23,5.91477
470,V,Ga,A,0.27076,-39.20959000000001,0.9996,0.99883,2.33601,-2.68678,1.68,6.4707,0.0,0.1686,1.09,0.26,1.3,0.76,50.6,5.47915,23,6.44861
472,V,In,A,0.26705,-39.15861,0.99936,0.99629,3.18361,-1.7865400000000002,1.6,6.4707,0.0,0.2822,1.09,0.26,1.55,0.94,50.6,5.44447,23,9.07295
474,V,Ge,A,0.25193000000000004,-38.87006,0.99994,0.99934,-0.29706,-4.70606,1.92,6.4707,0.0,0.934,1.09,0.26,1.25,0.77,50.6,5.89162,23,5.0572300000000014
477,V,Sb,A,0.2869,-38.67726,0.99996,0.99922,-0.1575,-4.2666900000000005,2.08,6.4707,0.0,1.8032,1.09,0.26,1.45,0.83,50.6,5.95431,23,8.15972
479,Cr,Sc,A,0.3724,-43.51279,0.12641,0.29675,-24.3281,-1.70426,0.74,6.7401,1.3828,0.0,1.07,0.25,1.6,0.885,64.3,5.56264,24,9.554
481,Cr,Ti,A,0.354,-43.31339000000001,0.20172,0.30178,-33.32077,-3.37977,0.79,6.7401,1.3828,0.2526,1.07,0.25,1.4,0.85167,64.3,5.5988,24,8.33715
483,Cr,Zr,A,0.35397,-43.23731,0.2001,0.41009,-25.30783,-2.74037,0.76,6.7401,1.3828,0.0,1.07,0.25,1.55,0.86,64.3,5.65916,24,9.55603
485,Zn,Cr,A,0.99953,-80.30941,0.5110399999999999,0.37219,-44.20075,-3.60045,0.89,9.6186,0.0,1.3828,0.82,0.175,1.4,0.94,0.0,5.89119,30,5.0386
487,Zn,Ta,A,0.99939,-80.02566,0.27379000000000003,0.46847,-35.66205,-4.1555300000000015,0.83,9.6186,0.0,1.1716,0.82,0.175,1.45,0.82,0.0,6.0098400000000005,30,4.908
489,Zn,V,A,0.99958,-80.51123,0.33522,0.3352,-39.19139000000001,-3.5951699999999995,0.84,9.6186,0.0,0.0,0.82,0.175,1.35,0.7775,0.0,5.85269,30,4.8521
491,Zn,Nb,A,0.99946,-80.10461,0.29839,0.44705,-32.04656,-3.79499,0.82,9.6186,0.0,0.0864,0.82,0.175,1.45,0.82,0.0,5.97732,30,4.94935
493,Zn,Hf,A,0.99954,-79.90406999999998,0.21179,0.46554,-27.66806,-1.44826,0.775,9.6186,0.0,0.4432,0.82,0.175,1.55,0.85,0.0,5.91632,30,7.55342
495,Zn,Zr,A,0.9996,-79.92494,0.20208,0.44696,-24.1786,-1.38361,0.76,9.6186,0.0,0.0,0.82,0.175,1.55,0.86,0.0,5.86564,30,7.61912
497,Zn,Ti,A,0.99961,-79.8225,0.19632,0.326,-32.06815,-1.80952,0.79,9.6186,0.0,0.2526,0.82,0.175,1.4,0.85167,0.0,5.8030800000000005,30,6.55119
499,Zn,Sc,A,0.99959,-79.53971,0.12641,0.34367,-24.08843,-1.06564,0.74,9.6186,0.0,0.0,0.82,0.175,1.6,0.885,0.0,5.76559,30,7.63271
501,Ag,Sb,A,0.98857,-52.24312000000001,0.99995,0.99906,2.29673,-1.80449,2.08,7.1384,1.2177,1.8032,1.045,0.385,1.45,0.83,125.6,6.20937,47,6.02291
503,Ag,Sn,A,0.9759,-52.67831,0.99989,0.99872,3.53588,-1.21417,1.84,7.1384,1.2177,1.0258,1.045,0.385,1.45,0.83,125.6,6.06168,47,6.87034
505,Ag,In,A,0.97586,-52.75572,0.9997,0.98972,4.88237,-0.8470799999999999,1.6,7.1384,1.2177,0.2822,1.045,0.385,1.55,0.94,125.6,5.67769,47,7.47665
507,Ag,Ga,A,0.95066,-53.23746,0.99975,0.99848,4.18976,-1.2653,1.68,7.1384,1.2177,0.1686,1.045,0.385,1.3,0.76,125.6,5.71386,47,6.86345
509,Ag,Al,A,0.95688,-53.46165,0.0,0.0,7.0914899999999985,-1.2667700000000002,1.66,7.1384,1.2177,0.2572,1.045,0.385,1.25,0.675,125.6,5.7245300000000015,47,6.3551400000000005
511,Ag,Fe,A,0.97359,-53.60978000000001,0.7258899999999999,0.45169,-54.20267,-2.85372,0.99,7.1384,1.2177,2.3040000000000003,1.045,0.385,1.4,0.8525,125.6,5.99245,47,5.041919999999998
513,Ag,Mn,A,0.98209,-53.58866999999999,0.62239,0.38907,-49.2763,-3.05432,0.94,7.1384,1.2177,1.8221,1.045,0.385,1.4,0.6483300000000001,125.6,5.88854,47,4.78423
515,Ag,Re,A,0.99744,-54.62926,0.5837899999999999,0.3887,-43.68717,-4.52937,0.94,7.1384,1.2177,2.7319,1.045,0.385,1.35,0.7125,125.6,5.9806,47,3.88488
517,Ag,W,A,0.99662,-54.70045,0.43293,0.39198,-39.78967,-4.48043,0.885,7.1384,1.2177,1.9369,1.045,0.385,1.35,0.76667,125.6,6.08962,47,3.87581
519,Ag,Cr,A,0.98754,-53.33902,0.50157,0.38429,-44.23269000000001,-2.91059,0.89,7.1384,1.2177,1.3828,1.045,0.385,1.4,0.94,125.6,5.88854,47,4.516
521,Ag,Mo,A,0.99647,-54.1311,0.46488,0.38341,-36.33019,-3.64388,0.88,7.1384,1.2177,1.3549,1.045,0.385,1.45,0.775,125.6,5.9444599999999985,47,4.00772
523,Ag,Nb,A,0.99484,-53.59737,0.29708,0.38211,-31.56811,-2.77558,0.82,7.1384,1.2177,0.0864,1.045,0.385,1.45,0.82,125.6,5.97464,47,6.093369999999998
525,Mn,Ti,A,0.45873,-47.82393,0.19847,0.3041,-33.029720000000005,-2.99946,0.79,8.2684,1.8221,0.2526,0.99,0.23,1.4,0.85167,0.0,5.5988,25,8.48658
528,Mn,Sc,A,0.44127,-47.95606,0.1258,0.30039,-24.19807,-1.54735,0.74,8.2684,1.8221,0.0,0.99,0.23,1.6,0.885,0.0,5.56264,25,9.53291
530,Ag,V,A,0.98893,-52.70601,0.31356,0.35118,-38.74279,-2.24306,0.84,7.1384,1.2177,0.0,1.045,0.385,1.35,0.7775,125.6,5.85005,47,5.0593
532,Ag,Ta,A,0.99492,-53.84255,0.27226,0.41018,-35.02718,-3.29874,0.83,7.1384,1.2177,1.1716,1.045,0.385,1.45,0.82,125.6,6.00714,47,6.1561
534,Mn,Hf,A,0.4567100000000001,-47.73703,0.20779,0.44479,-28.47071,-2.47445,0.775,8.2684,1.8221,0.4432,0.99,0.23,1.55,0.85,0.0,5.70805,25,9.74482
536,Cd,Al,A,0.99822,-61.78228000000001,0.0,0.0,6.55583,-1.09128,1.66,8.6893,0.0,0.2572,0.985,0.37,1.25,0.675,0.0,5.695880000000002,48,5.91474
538,Cd,Fe,A,0.99864,-62.70642,0.70428,0.4063,-53.85321999999999,-3.02591,0.99,8.6893,0.0,2.3040000000000003,0.985,0.37,1.4,0.8525,0.0,5.96246,48,4.641
540,Cd,Re,A,0.99948,-63.96064000000001,0.60715,0.4115,-43.43464,-4.85685,0.94,8.6893,0.0,2.7319,0.985,0.37,1.35,0.7125,0.0,5.95067,48,4.54945
542,Cd,Mn,A,0.99905,-63.31608000000001,0.63981,0.36263,-49.04297,-3.45996,0.94,8.6893,0.0,1.8221,0.985,0.37,1.4,0.6483300000000001,0.0,5.85907,48,4.3393
544,Cd,W,A,0.99929,-64.01957,0.45044,0.42159,-39.83245,-4.9384,0.885,8.6893,0.0,1.9369,0.985,0.37,1.35,0.76667,0.0,6.05914,48,4.5982699999999985
546,Cd,Mo,A,0.99935,-64.10454,0.49472,0.39867,-36.29749,-4.31142,0.88,8.6893,0.0,1.3549,0.985,0.37,1.45,0.775,0.0,5.91471,48,4.6027
548,Cd,Ta,A,0.99898,-64.05659,0.29601,0.43581,-35.89022999999999,-4.56439,0.83,8.6893,0.0,1.1716,0.985,0.37,1.45,0.82,0.0,5.97708,48,4.58522
550,Cd,V,A,0.99929,-64.00056,0.34236,0.32271,-39.20655,-3.73421,0.84,8.6893,0.0,0.0,0.985,0.37,1.35,0.7775,0.0,5.82078,48,4.01351
552,Cd,Nb,A,0.99909,-64.08429,0.32551,0.41421,-32.1522,-4.11691,0.82,8.6893,0.0,0.0864,0.985,0.37,1.45,0.82,0.0,5.94473,48,4.61262
555,Cd,Ti,A,0.99923,-62.60762,0.1968,0.30383000000000004,-32.22179000000001,-1.69462,0.79,8.6893,0.0,0.2526,0.985,0.37,1.4,0.85167,0.0,5.77144,48,5.41171
557,Cd,Zr,A,0.99914,-62.94731,0.20336,0.43458,-24.29308,-1.38363,0.76,8.6893,0.0,0.0,0.985,0.37,1.55,0.86,0.0,5.83365,48,6.45667
559,Cd,Sc,A,0.99915,-62.41464000000001,0.12625,0.31513,-24.21598,-1.01694,0.74,8.6893,0.0,0.0,0.985,0.37,1.6,0.885,0.0,5.73416,48,6.771910000000001
561,Zn,Sb,A,0.99959,-80.25488,0.99992,0.9991,-0.7105899999999999,-3.72106,2.08,9.6186,0.0,1.8032,0.82,0.175,1.45,0.83,0.0,6.21217,30,4.71649
565,Zn,Ga,A,0.99944,-79.22140999999998,0.99967,0.99778,2.9803,-1.3793799999999998,1.68,9.6186,0.0,0.1686,0.82,0.175,1.3,0.76,0.0,5.71643,30,7.36095
567,Zn,In,A,0.99968,-79.59685,0.99938,0.98656,3.09499,-1.15601,1.6,9.6186,0.0,0.2822,0.82,0.175,1.55,0.94,0.0,5.68025,30,7.33637
569,Zn,Fe,A,0.99915,-79.59895999999998,0.7278399999999999,0.40694,-53.92024,-3.13115,0.99,9.6186,0.0,2.3040000000000003,0.82,0.175,1.4,0.8525,0.0,5.99515,30,5.65175
571,Zn,Al,A,0.99915,-79.05897,0.0,0.0,6.96926,-1.25284,1.66,9.6186,0.0,0.2572,0.82,0.175,1.25,0.675,0.0,5.72711,30,7.13201
573,Zn,Re,A,0.99968,-79.94071,0.58506,0.4315100000000001,-43.49542,-4.74373,0.94,9.6186,0.0,2.7319,0.82,0.175,1.35,0.7125,0.0,5.98329,30,4.9862
575,Zn,Mn,A,0.99938,-79.95661,0.6360600000000001,0.37121,-49.06197,-3.4814300000000005,0.94,9.6186,0.0,1.8221,0.82,0.175,1.4,0.6483300000000001,0.0,5.89119,30,5.31595
577,Zn,W,A,0.99959,-79.98173,0.43595,0.44597,-39.62884,-4.6197599999999985,0.885,9.6186,0.0,1.9369,0.82,0.175,1.35,0.76667,0.0,6.09236,30,5.07089
579,Zn,Mo,A,0.99962,-80.07938,0.47051,0.42425,-36.33314,-4.1413400000000005,0.88,9.6186,0.0,1.3549,0.82,0.175,1.45,0.775,0.0,5.9471300000000005,30,5.07417
581,Hg,Sc,A,0.99773,-61.67259,0.12103,0.2928,-24.40501,-0.96678,0.74,8.6343,0.0,0.0,1.07,0.475,1.6,0.885,0.0,5.88015,80,7.05085
583,Cd,Sb,A,0.99927,-64.06984,0.99994,0.9992,-0.98509,-3.88199,2.08,8.6893,0.0,1.8032,0.985,0.37,1.45,0.83,0.0,6.1783,48,4.21835
585,Cd,Sn,A,0.9992,-62.69793000000001,0.99982,0.99875,2.13296,-1.5048,1.84,8.6893,0.0,1.0258,0.985,0.37,1.45,0.83,0.0,6.03134,48,6.30402
587,Cd,Ge,A,0.99905,-62.34799,0.99993,0.99937,1.32306,-2.07382,1.92,8.6893,0.0,0.934,0.985,0.37,1.25,0.77,0.0,6.11325,48,5.05845
589,Cd,In,A,0.99921,-62.51323000000001,0.99958,0.98736,3.18696,-1.07342,1.6,8.6893,0.0,0.2822,0.985,0.37,1.55,0.94,0.0,5.64928,48,6.634239999999999
591,Cd,Ga,A,0.99879,-61.99348000000001,0.99979,0.99849,2.97715,-1.2513,1.68,8.6893,0.0,0.1686,0.985,0.37,1.3,0.76,0.0,5.68526,48,6.32214
593,Ag,Zr,A,0.98472,-52.6954,0.19296,0.37288,-24.17321,-1.07412,0.76,7.1384,1.2177,0.0,1.045,0.385,1.55,0.86,125.6,5.8629999999999995,47,7.1113100000000005
595,Ag,Hf,A,0.98711,-52.70567,0.19957,0.40609,-27.69493,-1.18033,0.775,7.1384,1.2177,0.4432,1.045,0.385,1.55,0.85,125.6,5.91366,47,7.03517
597,Ag,Ti,A,0.97979,-52.893980000000006,0.19427,0.29575,-32.05915,-1.49042,0.79,7.1384,1.2177,0.2526,1.045,0.385,1.4,0.85167,125.6,5.80047,47,6.4584800000000016
599,Ag,Sc,A,0.97408,-53.0128,0.1194,0.23739,-24.32422,-0.8503299999999999,0.74,7.1384,1.2177,0.0,1.045,0.385,1.6,0.885,125.6,5.763,47,7.739389999999998
601,Mn,Sb,A,0.5434,-47.5006,0.99995,0.99914,-0.4058,-4.11179,2.08,8.2684,1.8221,1.8032,0.99,0.23,1.45,0.83,0.0,5.99349,25,8.113489999999999
603,Mn,Sn,A,0.52576,-47.74751,0.99983,0.99873,1.82439,-2.73064,1.84,8.2684,1.8221,1.0258,0.99,0.23,1.45,0.83,0.0,5.85093,25,9.10619
605,Mn,Ge,A,0.49853,-47.79876,0.99993,0.99933,0.34989000000000003,-3.90418,1.92,8.2684,1.8221,0.934,0.99,0.23,1.25,0.77,0.0,5.93039,25,6.65517
607,Mn,In,A,0.478,-47.89567,0.99933,0.99113,3.54541,-1.54411,1.6,8.2684,1.8221,0.2822,0.99,0.23,1.55,0.94,0.0,5.48029,25,9.10199
609,Mn,Ga,A,0.50267,-48.0216,0.99957,0.99883,2.96663,-2.1584,1.68,8.2684,1.8221,0.1686,0.99,0.23,1.3,0.76,0.0,5.5152,25,7.452739999999999
610,Mn,Fe,A,0.52055,-47.96525,0.805,0.37574,-53.8007,-3.92211,0.99,8.2684,1.8221,2.3040000000000003,0.99,0.23,1.4,0.8525,0.0,5.78411,25,6.03175
613,Mn,Re,A,0.5020899999999999,-47.52287000000001,0.60138,0.39615,-43.43377,-5.01313,0.94,8.2684,1.8221,2.7319,0.99,0.23,1.35,0.7125,0.0,5.77267,25,4.87047
616,Mn,Mn,A,0.49704,-48.35095,0.49704,0.6369,-48.35095,-4.06033,0.94,8.2684,1.8221,1.8221,0.99,0.23,1.4,0.6483300000000001,0.0,5.68382,25,6.13827
617,Mn,Mn,A,0.49704,-48.35095,0.49704,0.6369,-48.35095,-4.06033,0.94,8.2684,1.8221,1.8221,0.99,0.23,1.4,0.6483300000000001,0.0,5.68382,25,6.13827
619,Mn,W,A,0.47698,-47.46821,0.44655,0.40805,-39.72989000000001,-5.0757900000000005,0.885,8.2684,1.8221,1.9369,0.99,0.23,1.35,0.76667,0.0,5.8779,25,5.1314199999999985
621,Mn,Mo,A,0.45562,-47.55646,0.48224,0.38006,-36.28046,-4.35961,0.88,8.2684,1.8221,1.3549,0.99,0.23,1.45,0.775,0.0,5.73779,25,5.29894
623,Mn,Cr,A,0.4526,-47.81848,0.51585,0.35982,-44.06286,-4.05172,0.89,8.2684,1.8221,1.3828,0.99,0.23,1.4,0.94,0.0,5.68382,25,5.5373
625,Mn,Al,A,0.48385,-48.04536,0.0,0.0,6.55147,-2.25532,1.66,8.2684,1.8221,0.2572,0.99,0.23,1.25,0.675,0.0,5.5255,25,7.136310000000001
627,Mn,Ta,A,0.5283800000000001,-47.44441,0.29567,0.42393,-35.56735,-4.63506,0.83,8.2684,1.8221,1.1716,0.99,0.23,1.45,0.82,0.0,5.79829,25,6.6808
629,Mn,Nb,A,0.48786,-47.50594,0.32353000000000004,0.39733,-31.95444,-4.12641,0.82,8.2684,1.8221,0.0864,0.99,0.23,1.45,0.82,0.0,5.76691,25,6.30655
631,Mn,V,A,0.45047,-47.79067,0.34058,0.33044,-39.11351,-3.92352,0.84,8.2684,1.8221,0.0,0.99,0.23,1.35,0.7775,0.0,5.64666,25,6.12135
633,Tl,Cr,A,0.99892,4.19569,0.49935,0.35734,-44.10879,-2.71462,0.89,5.273,0.3103,1.3828,1.015,0.46299999999999997,1.4,0.94,19.2,5.5152,81,3.76264
635,Tl,W,A,0.99898,2.66288,0.4289,0.35373000000000004,-39.82015,-3.77084,0.885,5.273,0.3103,1.9369,1.015,0.46299999999999997,1.35,0.76667,19.2,5.70352,81,2.65024
637,Ga,Zr,A,0.99985,3.91321,0.18555,0.29365,-24.1819,-0.69096,0.76,5.6565,0.1686,0.0,0.76,0.17,1.55,0.86,28.9,5.49127,31,7.297739999999999
639,Ga,Ti,A,0.99985,3.71175,0.18604,0.30012,-32.25977,-1.52947,0.79,5.6565,0.1686,0.2526,0.76,0.17,1.4,0.85167,28.9,5.43271,31,6.41127
641,Ga,Sc,A,0.99986,3.9694,0.11438,0.22253,-24.21741,-0.62144,0.74,5.6565,0.1686,0.0,0.76,0.17,1.6,0.885,28.9,5.39762,31,7.48557
643,Cd,Cr,A,0.99925,-63.75036,0.52856,0.36033,-44.20343,-3.67847,0.89,8.6893,0.0,1.3828,0.985,0.37,1.4,0.94,0.0,5.85907,48,4.1356199999999985
645,Ag,Ge,A,0.96902,-53.02606,0.99996,0.99936,2.39309,-1.86277,1.92,7.1384,1.2177,0.934,1.045,0.385,1.25,0.77,125.6,6.144,47,5.88096
647,Hg,Sb,A,0.99805,-62.43001,0.99993,0.99915,-0.0813,-3.17285,2.08,8.6343,0.0,1.8032,1.07,0.475,1.45,0.83,0.0,6.3356,80,5.23543
649,Hg,Sn,A,0.99797,-61.84474,0.99976,0.99878,2.67,-1.40697,1.84,8.6343,0.0,1.0258,1.07,0.475,1.45,0.83,0.0,6.1849,80,6.47311
651,Hg,Ge,A,0.9976,-61.73311,0.99992,0.99939,1.70255,-1.95304,1.92,8.6343,0.0,0.934,1.07,0.475,1.25,0.77,0.0,6.26889,80,5.5343
653,Hg,In,A,0.9979,-61.64127,0.99938,0.98908,4.087,-0.96653,1.6,8.6343,0.0,0.2822,1.07,0.475,1.55,0.94,0.0,5.79311,80,6.92569
655,Hg,Ga,A,0.99664,-61.48073,0.9997,0.99867,3.65498,-1.22415,1.68,8.6343,0.0,0.1686,1.07,0.475,1.3,0.76,0.0,5.83001,80,6.463019999999998
657,Hg,Al,A,0.99486,-61.42993000000001,0.0,0.0,6.88622,-1.11205,1.66,8.6343,0.0,0.2572,1.07,0.475,1.25,0.675,0.0,5.8409,80,6.05066
659,Hg,Fe,A,0.99532,-61.83894,0.75183,0.42087,-53.84326,-2.85366,0.99,8.6343,0.0,2.3040000000000003,1.07,0.475,1.4,0.8525,0.0,6.1142699999999985,80,5.08967
661,Hg,Re,A,0.99846,-62.22354,0.5806899999999999,0.38942,-43.45059000000001,-4.20377,0.94,8.6343,0.0,2.7319,1.07,0.475,1.35,0.7125,0.0,6.10217,80,5.50441
663,Hg,Mn,A,0.99653,-62.07888000000001,0.64008,0.36262,-48.98481,-3.1331,0.94,8.6343,0.0,1.8221,1.07,0.475,1.4,0.6483300000000001,0.0,6.00825,80,5.12972
665,Hg,W,A,0.99794,-62.22606999999999,0.41934,0.40347,-39.67987,-4.13431,0.885,8.6343,0.0,1.9369,1.07,0.475,1.35,0.76667,0.0,6.2134,80,4.93851
667,Hg,Mo,A,0.99822,-62.27478000000001,0.47037,0.37851,-36.25094,-3.57765,0.88,8.6343,0.0,1.3549,1.07,0.475,1.45,0.775,0.0,6.0653,80,4.93507
669,Hg,Cr,A,0.99734,-62.34757,0.498,0.36325,-44.19338,-3.2633,0.89,8.6343,0.0,1.3828,1.07,0.475,1.4,0.94,0.0,6.00825,80,5.58304
671,Hg,Ta,A,0.99737,-62.32914,0.27203,0.42099,-35.51335,-3.61784,0.83,8.6343,0.0,1.1716,1.07,0.475,1.45,0.82,0.0,6.12925,80,5.50702
673,Hg,Nb,A,0.99752,-62.30356999999999,0.29821,0.39654,-32.08614,-3.32234,0.82,8.6343,0.0,0.0864,1.07,0.475,1.45,0.82,0.0,6.09609,80,5.68297
675,Hg,V,A,0.99771,-62.52924,0.3328,0.32973,-39.27007,-3.24369,0.84,8.6343,0.0,0.0,1.07,0.475,1.35,0.7775,0.0,5.96897,80,5.7565800000000005
677,Hg,Hf,A,0.99755,-61.9504,0.20548,0.44007,-27.9394,-1.36345,0.775,8.6343,0.0,0.4432,1.07,0.475,1.55,0.85,0.0,6.0338699999999985,80,6.70993
679,Hg,Zr,A,0.99785,-61.94354000000001,0.19664,0.41612,-24.41723,-1.29152,0.76,8.6343,0.0,0.0,1.07,0.475,1.55,0.86,0.0,5.9821800000000005,80,6.81577
681,Hg,Ti,A,0.99797,-61.89654,0.19375,0.30034,-32.33888,-1.62566,0.79,8.6343,0.0,0.2526,1.07,0.475,1.4,0.85167,0.0,5.91838,80,5.95985
683,Ge,In,A,0.99994,2.47628,0.99974,0.98611,5.81489,-0.76405,1.6,7.4167,0.934,0.2822,0.72,0.16,1.55,0.94,119.0,5.7180300000000015,32,7.06711
685,Ge,Al,A,0.99987,3.40337,0.0,0.0,8.66665,-0.8753299999999999,1.66,7.4167,0.934,0.2572,0.72,0.16,1.25,0.675,119.0,5.76521,32,6.88787
687,Ge,Ga,A,0.99992,3.1886,0.99983,0.99831,6.2358400000000005,-0.75522,1.68,7.4167,0.934,0.1686,0.72,0.16,1.3,0.76,119.0,5.75446,32,7.13271
689,Ge,Fe,A,0.99996,1.61078,0.7438100000000001,0.38856,-53.78168,-2.87475,0.99,7.4167,0.934,2.3040000000000003,0.72,0.16,1.4,0.8525,119.0,6.03503,32,5.40493
691,Ge,Mn,A,0.99996,1.10325,0.63185,0.35415,-48.93289,-3.25671,0.94,7.4167,0.934,1.8221,0.72,0.16,1.4,0.6483300000000001,119.0,5.93039,32,4.9135800000000005
693,Ge,Re,A,0.99997,-0.47481,0.59731,0.36647,-43.28233,-4.58194,0.94,7.4167,0.934,2.7319,0.72,0.16,1.35,0.7125,119.0,6.02309,32,4.031619999999998
695,Ge,Cr,A,0.99996,0.61503,0.51339,0.35294000000000003,-44.16207,-3.57057,0.89,7.4167,0.934,1.3828,0.72,0.16,1.4,0.94,119.0,5.93039,32,4.41249
697,Ge,Mo,A,0.99996,-0.31122,0.49575,0.36085,-36.17683,-4.16461,0.88,7.4167,0.934,1.3549,0.72,0.16,1.45,0.775,119.0,5.9867,32,4.27617
699,Ge,W,A,0.99996,-0.51962,0.44765,0.35044000000000003,-39.6547,-4.63134,0.885,7.4167,0.934,1.9369,0.72,0.16,1.35,0.76667,119.0,6.13289,32,3.85133
701,Ge,Ta,A,0.99994,-0.43297,0.29888000000000003,0.33583,-35.78671,-4.31237,0.83,7.4167,0.934,1.1716,0.72,0.16,1.45,0.82,119.0,6.04982,32,3.87565
703,Ge,V,A,0.99996,0.12406,0.34835,0.31533,-39.2541,-3.77058,0.84,7.4167,0.934,0.0,0.72,0.16,1.35,0.7775,119.0,5.89162,32,4.0623
705,Ge,Nb,A,0.99995,-0.3147,0.32709,0.34345,-32.17154,-4.01259,0.82,7.4167,0.934,0.0864,0.72,0.16,1.45,0.82,119.0,6.0170900000000005,32,4.42631
707,Ge,Hf,A,0.99993,1.161,0.19576,0.32381,-28.39513,-1.64915,0.775,7.4167,0.934,0.4432,0.72,0.16,1.55,0.85,119.0,5.95568,32,6.70863
709,Ge,Zr,A,0.99995,0.71604,0.18915,0.29929,-25.22301,-1.8859,0.76,7.4167,0.934,0.0,0.72,0.16,1.55,0.86,119.0,5.90466,32,6.75322
711,Ge,Ti,A,0.99995,1.11418,0.18662,0.30103,-33.08605,-2.3761400000000004,0.79,7.4167,0.934,0.2526,0.72,0.16,1.4,0.85167,119.0,5.84169,32,6.18192
713,Tl,Sb,A,0.99898,4.64146,0.99994,0.99911,2.2939,-1.85985,2.08,5.273,0.3103,1.8032,1.015,0.46299999999999997,1.45,0.83,19.2,5.81569,81,4.87584
715,Ge,Sc,A,0.99995,2.33495,0.11629,0.22253,-24.11773,-0.56409,0.74,7.4167,0.934,0.0,0.72,0.16,1.6,0.885,119.0,5.80395,32,7.33583
717,Tl,Ge,A,0.99862,4.82857,0.99993,0.99937,3.64487,-1.92486,1.92,5.273,0.3103,0.934,1.015,0.46299999999999997,1.25,0.77,19.2,5.75446,81,4.48572
719,Tl,In,A,0.99893,5.20816,0.99909,0.99022,6.63455,-0.6190100000000001,1.6,5.273,0.3103,0.2822,1.015,0.46299999999999997,1.55,0.94,19.2,5.31772,81,6.66843
721,Tl,Sn,A,0.99887,4.87752,0.99978,0.99864,4.7718,-1.13321,1.84,5.273,0.3103,1.0258,1.015,0.46299999999999997,1.45,0.83,19.2,5.67736,81,5.03437
723,Tl,Fe,A,0.99879,4.39764,0.76348,0.4098,-53.72319,-2.4798400000000003,0.99,5.273,0.3103,2.3040000000000003,1.015,0.46299999999999997,1.4,0.8525,19.2,5.61252,81,4.34492
725,Tl,Ga,A,0.99852,5.59362,0.99949,0.9988,6.69623,-0.77853,1.68,5.273,0.3103,0.1686,1.015,0.46299999999999997,1.3,0.76,19.2,5.35159,81,6.09109
727,Tl,Al,A,0.99812,5.87619,0.0,0.0,8.35365,-0.95594,1.66,5.273,0.3103,0.2572,1.015,0.46299999999999997,1.25,0.675,19.2,5.3615900000000005,81,5.61102
729,Tl,Mn,A,0.99881,4.215330000000002,0.62175,0.3544,-48.91663,-2.71083,0.94,5.273,0.3103,1.8221,1.015,0.46299999999999997,1.4,0.6483300000000001,19.2,5.5152,81,4.03805
731,Tl,Re,A,0.99915,2.81625,0.57867,0.37271,-43.50524,-3.78417,0.94,5.273,0.3103,2.7319,1.015,0.46299999999999997,1.35,0.7125,19.2,5.60142,81,2.72799
733,Sn,Ta,A,0.99979,-0.27288,0.32059,0.32376,-35.93032,-4.56085,0.83,6.8885,1.0258,1.1716,0.88,0.345,1.45,0.82,107.3,5.96877,50,3.65899
735,Sn,Mo,A,0.99984,0.08331000000000001,0.50529,0.34919,-36.21629,-4.2643900000000015,0.88,6.8885,1.0258,1.3549,0.88,0.345,1.45,0.775,107.3,5.90649,50,3.19406
737,Sn,Nb,A,0.9998,-0.08177999999999999,0.35465,0.33044,-32.12818,-4.17531,0.82,6.8885,1.0258,0.0864,0.88,0.345,1.45,0.82,107.3,5.93647,50,3.22477
739,Sn,V,A,0.99984,1.08322,0.35521,0.30641,-39.28784,-3.58745,0.84,6.8885,1.0258,0.0,0.88,0.345,1.35,0.7775,107.3,5.81269,50,3.44667
741,Sn,Hf,A,0.99974,1.36114,0.1963,0.30187,-29.29924,-2.17133,0.775,6.8885,1.0258,0.4432,0.88,0.345,1.55,0.85,107.3,5.87588,50,5.31704
743,Sn,Zr,A,0.9998,2.30315,0.1898,0.29559,-24.69569,-1.08633,0.76,6.8885,1.0258,0.0,0.88,0.345,1.55,0.86,107.3,5.82555,50,5.45736
745,Sn,Sc,A,0.99982,2.85772,0.11636,0.2226,-24.35896,-0.64512,0.74,6.8885,1.0258,0.0,0.88,0.345,1.6,0.885,107.3,5.72619,50,6.56473
747,Ga,Ge,A,0.99979,4.043819999999998,0.99991,0.99931,3.85425,-2.04438,1.92,5.6565,0.1686,0.934,0.76,0.17,1.25,0.77,28.9,5.75446,31,5.85281
749,Sn,Ti,A,0.99982,1.43386,0.18803,0.29515,-33.86819000000001,-2.86438,0.79,6.8885,1.0258,0.2526,0.88,0.345,1.4,0.85167,107.3,5.76342,50,4.6867
751,Ge,Sb,A,0.99996,-0.29705,0.99997,0.99923,0.36588,-3.83392,2.08,7.4167,0.934,1.8032,0.72,0.16,1.45,0.83,119.0,6.25349,32,4.56729
753,Ga,In,A,0.99985,4.40883,0.99912,0.98759,6.50365,-0.72245,1.6,5.6565,0.1686,0.2822,0.76,0.17,1.55,0.94,28.9,5.31772,31,7.25508
756,Ga,Ga,A,0.99978,5.59075,0.99978,0.99984,5.59075,-0.91611,1.68,5.6565,0.1686,0.1686,0.76,0.17,1.3,0.76,28.9,5.35159,31,7.359960000000001
757,Ga,Ga,A,0.99978,5.59075,0.99978,0.99984,5.59075,-0.91611,1.68,5.6565,0.1686,0.1686,0.76,0.17,1.3,0.76,28.9,5.35159,31,7.359960000000001
759,Ga,Fe,A,0.99984,3.52195,0.75047,0.39775,-53.85188,-2.7505900000000003,0.99,5.6565,0.1686,2.3040000000000003,0.76,0.17,1.4,0.8525,28.9,5.61252,31,5.7885
761,Ga,Al,A,0.9997,4.84504,0.0,0.0,9.05816,-1.09916,1.66,5.6565,0.1686,0.2572,0.76,0.17,1.25,0.675,28.9,5.3615900000000005,31,7.259410000000001
763,Ga,Re,A,0.99986,2.02647,0.57686,0.37908,-43.5547,-4.10685,0.94,5.6565,0.1686,2.7319,0.76,0.17,1.35,0.7125,28.9,5.60142,31,3.33175
765,Ga,W,A,0.99984,1.92042,0.42916,0.35977,-39.76121,-4.03495,0.885,5.6565,0.1686,1.9369,0.76,0.17,1.35,0.76667,28.9,5.70352,31,3.3461199999999995
767,Ga,Mn,A,0.99984,3.36412,0.61727,0.36522,-49.00384,-2.97234,0.94,5.6565,0.1686,1.8221,0.76,0.17,1.4,0.6483300000000001,28.9,5.5152,31,5.19271
769,Ga,Cr,A,0.99985,3.39786,0.49379,0.36882,-44.14833,-2.94323,0.89,5.6565,0.1686,1.3828,0.76,0.17,1.4,0.94,28.9,5.5152,31,4.75731
771,Ga,Mo,A,0.99984,2.60065,0.45247,0.37666,-36.29505,-3.4031,0.88,5.6565,0.1686,1.3549,0.76,0.17,1.45,0.775,28.9,5.56757,31,4.00662
773,Ga,Ta,A,0.99979,2.60858,0.26107,0.34529,-35.36306,-3.03329,0.83,5.6565,0.1686,1.1716,0.76,0.17,1.45,0.82,28.9,5.62628,31,5.52492
775,Ga,V,A,0.99985,3.54264,0.31683,0.33597,-38.94985,-2.59927,0.84,5.6565,0.1686,0.0,0.76,0.17,1.35,0.7775,28.9,5.47915,31,4.93489
777,Ga,Hf,A,0.99981,3.9298,0.19255,0.29878000000000005,-27.68473,-0.71417,0.775,5.6565,0.1686,0.4432,0.76,0.17,1.55,0.85,28.9,5.53872,31,7.1985
779,Ga,Nb,A,0.9998,3.25149,0.28467,0.35891,-31.574720000000006,-2.43213,0.82,5.6565,0.1686,0.0864,0.76,0.17,1.45,0.82,28.9,5.59583,31,5.55815
782,Ge,Ge,A,0.99992,3.37171,0.99992,0.99997,3.37171,-1.44747,1.92,7.4167,0.934,0.934,0.72,0.16,1.25,0.77,119.0,6.18765,32,5.52315
783,Ge,Ge,A,0.99992,3.37171,0.99992,0.99997,3.37171,-1.44747,1.92,7.4167,0.934,0.934,0.72,0.16,1.25,0.77,119.0,6.18765,32,5.52315
785,In,Mn,A,0.99957,3.39075,0.6591199999999999,0.34027,-48.76713,-3.14828,0.94,5.3782,0.2822,1.8221,0.94,0.36,1.4,0.6483300000000001,28.9,5.48029,49,4.37212
787,In,Cr,A,0.99957,3.32185,0.501,0.3455,-43.97481,-3.19026,0.89,5.3782,0.2822,1.3828,0.94,0.36,1.4,0.94,28.9,5.48029,49,4.08876
789,In,Re,A,0.99962,2.47521,0.59121,0.36977,-43.41663,-3.96641,0.94,5.3782,0.2822,2.7319,0.94,0.36,1.35,0.7125,28.9,5.56596,49,3.27167
791,In,W,A,0.99953,2.45291,0.42847,0.35303,-39.77474,-3.8873,0.885,5.3782,0.2822,1.9369,0.94,0.36,1.35,0.76667,28.9,5.66742,49,3.22386
793,In,Mo,A,0.99955,2.94079,0.46428,0.3672,-36.25793,-3.38383,0.88,5.3782,0.2822,1.3549,0.94,0.36,1.45,0.775,28.9,5.53233,49,3.68872
795,In,V,A,0.99958,3.18289,0.33583,0.31623,-39.10104000000001,-3.11895,0.84,5.3782,0.2822,0.0,0.94,0.36,1.35,0.7775,28.9,5.44447,49,4.00836
797,In,Ta,A,0.99941,2.81237,0.26172,0.33954,-35.75867,-3.22077,0.83,5.3782,0.2822,1.1716,0.94,0.36,1.45,0.82,28.9,5.5906699999999985,49,4.43692
799,In,Nb,A,0.99946,3.1003700000000003,0.29388000000000003,0.35051,-32.04014,-2.91227,0.82,5.3782,0.2822,0.0864,0.94,0.36,1.45,0.82,28.9,5.56041,49,4.40684
801,In,Hf,A,0.99943,3.47514,0.19479,0.29771,-28.57348,-1.44697,0.775,5.3782,0.2822,0.4432,0.94,0.36,1.55,0.85,28.9,5.50366,49,5.25646
803,In,Zr,A,0.99953,3.45689,0.18779,0.29482,-24.9626,-1.36169,0.76,5.3782,0.2822,0.0,0.94,0.36,1.55,0.86,28.9,5.4565199999999985,49,5.90028
805,In,Sc,A,0.99957,3.99524,0.11706,0.2263,-24.339170000000006,-0.71841,0.74,5.3782,0.2822,0.0,0.94,0.36,1.6,0.885,28.9,5.36345,49,6.760210000000002
807,In,Ti,A,0.99956,3.21415,0.18734,0.29625,-33.43307,-2.5071,0.79,5.3782,0.2822,0.2526,0.94,0.36,1.4,0.85167,28.9,5.39832,49,4.81151
809,Ga,Sn,A,0.99984,4.17746,0.99974,0.99859,4.96326,-1.06524,1.84,5.6565,0.1686,1.0258,0.76,0.17,1.45,0.83,28.9,5.67736,31,6.9403
811,Sn,Sb,A,0.99986,0.22947,0.99997,0.99938,0.3578,-3.59606,2.08,6.8885,1.0258,1.8032,0.88,0.345,1.45,0.83,107.3,6.16971,50,3.66145
813,Ga,Sb,A,0.99983,4.01001,0.99996,0.99903,2.30076,-2.09904,2.08,5.6565,0.1686,1.8032,0.76,0.17,1.45,0.83,28.9,5.81569,31,5.32048
816,Sn,Sn,A,0.99978,2.95982,0.99978,0.99991,2.95982,-1.80445,1.84,6.8885,1.0258,1.0258,0.88,0.345,1.45,0.83,107.3,6.0229599999999985,50,5.12596
817,Sn,Sn,A,0.99978,2.95982,0.99978,0.99991,2.95982,-1.80445,1.84,6.8885,1.0258,1.0258,0.88,0.345,1.45,0.83,107.3,6.0229599999999985,50,5.12596
819,Sn,Ge,A,0.99973,2.97607,0.99997,0.99938,3.19155,-2.02129,1.92,6.8885,1.0258,0.934,0.88,0.345,1.25,0.77,107.3,6.10475,50,4.75325
821,Sn,Ga,A,0.9997,3.3767400000000003,0.9995,0.99882,5.82316,-1.0342,1.68,6.8885,1.0258,0.1686,0.88,0.345,1.3,0.76,107.3,5.67736,50,6.075069999999998
823,Sn,In,A,0.99979,3.27975,0.99968,0.98903,5.84535,-0.67902,1.6,6.8885,1.0258,0.2822,0.88,0.345,1.55,0.94,107.3,5.6414300000000015,50,6.6061
825,Sn,Fe,A,0.99984,2.11033,0.7911,0.37549,-53.58493000000001,-2.95439,0.99,6.8885,1.0258,2.3040000000000003,0.88,0.345,1.4,0.8525,107.3,5.95418,50,4.5906
827,Sn,Al,A,0.99956,3.4401900000000003,0.0,0.0,7.73037,-1.41065,1.66,6.8885,1.0258,0.2572,0.88,0.345,1.25,0.675,107.3,5.68797,50,5.562869999999998
829,Sn,Mn,A,0.99984,1.79214,0.6565,0.33756,-48.82981,-3.22646,0.94,6.8885,1.0258,1.8221,0.88,0.345,1.4,0.6483300000000001,107.3,5.85093,50,4.22818
831,Sn,W,A,0.99984,-0.26002,0.48433,0.33798,-39.67924,-4.75155,0.885,6.8885,1.0258,1.9369,0.88,0.345,1.35,0.76667,107.3,6.05072,50,3.39804
833,Sn,Re,A,0.99988,-0.06619,0.6360899999999999,0.35432,-43.20823,-4.58667,0.94,6.8885,1.0258,2.7319,0.88,0.345,1.35,0.7125,107.3,5.9424,50,3.1641
835,Sn,Cr,A,0.99984,1.44996,0.52349,0.34065,-44.14302,-3.46392,0.89,6.8885,1.0258,1.3828,0.88,0.345,1.4,0.94,107.3,5.85093,50,3.75137
837,Pb,Ta,A,0.99951,-0.18779,0.32503000000000004,0.31966,-35.90859000000001,-4.58281,0.83,6.6709,1.0412,1.1716,0.96,0.45,1.45,0.82,35.1,5.85334,82,3.41372
839,Bi,Al,A,0.99947,0.98441,0.0,0.0,6.1342300000000005,-2.30302,1.66,7.9894,1.7888,0.2572,0.92,0.43799999999999994,1.25,0.675,91.2,6.50617,83,3.27111
841,Bi,Mn,A,0.99984,-0.50464,0.70503,0.29911,-48.50102,-3.90157,0.94,7.9894,1.7888,1.8221,0.92,0.43799999999999994,1.4,0.6483300000000001,91.2,6.69258,83,3.38435
843,Pb,Nb,A,0.99955,0.050460000000000005,0.36199,0.32733,-32.14667,-4.19604,0.82,6.6709,1.0412,0.0864,0.96,0.45,1.45,0.82,35.1,5.82167,82,2.8749
845,Bi,Re,A,0.99987,-1.00818,0.63847,0.35034,-43.10166,-4.54469,0.94,7.9894,1.7888,2.7319,0.92,0.43799999999999994,1.35,0.7125,91.2,6.7972100000000015,83,4.76131
847,Pb,V,A,0.99964,1.44044,0.35288,0.30609000000000003,-39.31705,-3.4500300000000004,0.84,6.6709,1.0412,0.0,0.96,0.45,1.35,0.7775,35.1,5.70028,82,2.76251
850,Pb,Sc,A,0.99957,3.39503,0.11496,0.2174,-24.46344,-0.48355,0.74,6.6709,1.0412,0.0,0.96,0.45,1.6,0.885,35.1,5.61546,82,6.11885
852,Pb,Hf,A,0.99941,2.50317,0.19641,0.2973,-28.48527,-1.22836,0.775,6.6709,1.0412,0.4432,0.96,0.45,1.55,0.85,35.1,5.76225,82,4.2007400000000015
855,Tl,Mo,A,0.9990000000000001,3.33841,0.45897,0.3709,-36.32525,-3.1722900000000003,0.88,5.273,0.3103,1.3549,1.015,0.46299999999999997,1.45,0.775,19.2,5.56757,81,3.21841
857,Tl,Ta,A,0.99868,3.73538,0.26195,0.33994,-35.0651,-2.38556,0.83,5.273,0.3103,1.1716,1.015,0.46299999999999997,1.45,0.82,19.2,5.62628,81,4.7518400000000005
859,Tl,Sc,A,0.9990000000000001,4.66199,0.11214,0.21885,-24.55263,-0.58158,0.74,5.273,0.3103,0.0,1.015,0.46299999999999997,1.6,0.885,19.2,5.39762,81,6.75661
861,In,Sb,A,0.99957,3.49337,0.99995,0.99913,1.52371,-2.68292,2.08,5.3782,0.2822,1.8032,0.94,0.36,1.45,0.83,28.9,5.77888,49,4.153580000000002
864,In,In,A,0.99955,5.35561,0.99955,0.99975,5.35561,-0.79864,1.6,5.3782,0.2822,0.2822,0.94,0.36,1.55,0.94,28.9,5.28406,49,6.63811
865,In,In,A,0.99955,5.35561,0.99955,0.99975,5.35561,-0.79864,1.6,5.3782,0.2822,0.2822,0.94,0.36,1.55,0.94,28.9,5.28406,49,6.63811
867,In,Ge,A,0.99938,3.61597,0.99994,0.99935,2.76811,-2.90301,1.92,5.3782,0.2822,0.934,0.94,0.36,1.25,0.77,28.9,5.7180300000000015,49,4.3974400000000005
869,In,Sn,A,0.9995,3.79676,0.99982,0.99861,3.93273,-1.95155,1.84,5.3782,0.2822,1.0258,0.94,0.36,1.45,0.83,28.9,5.6414300000000015,49,4.55553
871,Tl,V,A,0.99895,4.2752300000000005,0.32034,0.32589,-39.02293,-2.43114,0.84,5.273,0.3103,0.0,1.015,0.46299999999999997,1.35,0.7775,19.2,5.47915,81,3.96445
873,Tl,Nb,A,0.99876,3.79652,0.28673000000000004,0.3543,-31.820970000000006,-2.3848700000000003,0.82,5.273,0.3103,0.0864,1.015,0.46299999999999997,1.45,0.82,19.2,5.59583,81,4.73201
875,Tl,Zr,A,0.99891,4.49078,0.18507,0.29119,-24.45028,-0.66802,0.76,5.273,0.3103,0.0,1.015,0.46299999999999997,1.55,0.86,19.2,5.49127,81,5.76823
877,Tl,Hf,A,0.9987,4.5360000000000005,0.19135,0.2939,-27.99498,-0.67255,0.775,5.273,0.3103,0.4432,1.015,0.46299999999999997,1.55,0.85,19.2,5.53872,81,5.711130000000002
879,Tl,Ti,A,0.99898,4.37753,0.18633,0.2939,-32.70038,-1.58553,0.79,5.273,0.3103,0.2526,1.015,0.46299999999999997,1.4,0.85167,19.2,5.43271,81,5.09074
881,In,Ga,A,0.99937,4.9729,0.99953,0.99874,6.47056,-0.96187,1.68,5.3782,0.2822,0.1686,0.94,0.36,1.3,0.76,28.9,5.31772,49,5.9543599999999985
883,In,Al,A,0.99917,5.3359,0.0,0.0,8.4505,-1.12869,1.66,5.3782,0.2822,0.2572,0.94,0.36,1.25,0.675,28.9,5.32765,49,5.3547400000000005
885,In,Fe,A,0.99957,3.58212,0.7832899999999999,0.37396,-53.61952,-2.9272,0.99,5.3782,0.2822,2.3040000000000003,0.94,0.36,1.4,0.8525,28.9,5.577000000000001,49,4.66646
887,Sb,Ta,A,0.9999,-1.07472,0.30706,0.32943,-35.98,-4.3642400000000015,0.83,8.3266,1.8032,1.1716,0.83,0.335,1.45,0.82,103.2,6.1142,51,5.00129
890,Sb,Nb,A,0.99991,-1.02131,0.33432,0.33548,-32.21092,-4.08211,0.82,8.3266,1.8032,0.0864,0.83,0.335,1.45,0.82,103.2,6.08111,51,5.0481099999999985
892,Sb,Ti,A,0.99993,-1.01166,0.19983,0.2838,-34.29623,-3.87879,0.79,8.3266,1.8032,0.2526,0.83,0.335,1.4,0.85167,103.2,5.90385,51,4.89513
894,Sb,Hf,A,0.99987,-0.70133,0.1954,0.33779000000000003,-30.15841,-3.26278,0.775,8.3266,1.8032,0.4432,0.83,0.335,1.55,0.85,103.2,6.01905,51,5.10452
896,Sb,Zr,A,0.9999,-0.7353,0.18863,0.29925,-26.522920000000006,-3.01518,0.76,8.3266,1.8032,0.0,0.83,0.335,1.55,0.86,103.2,5.96749,51,4.94991
898,Sb,Sc,A,0.99991,0.64651,0.11861,0.23169,-24.40701,-0.97035,0.74,8.3266,1.8032,0.0,0.83,0.335,1.6,0.885,103.2,5.86571,51,5.464930000000002
900,Bi,Sb,A,0.99984,-0.74226,0.99998,0.99943,0.30805,-3.58702,2.08,7.9894,1.7888,1.8032,0.92,0.43799999999999994,1.45,0.83,91.2,7.05722,83,4.94496
902,Bi,In,A,0.99974,0.67913,0.99957,0.99784,4.51256,-1.4004,1.6,7.9894,1.7888,0.2822,0.92,0.43799999999999994,1.55,0.94,91.2,6.45294,83,5.00155
904,Bi,Sn,A,0.99974,-0.45361,0.99992,0.99877,1.83315,-3.3897,1.84,7.9894,1.7888,1.0258,0.92,0.43799999999999994,1.45,0.83,91.2,6.889360000000001,83,4.70962
906,Bi,Ge,A,0.99972,-0.74621,0.99997,0.99946,0.95764,-4.0808300000000015,1.92,7.9894,1.7888,0.934,0.92,0.43799999999999994,1.25,0.77,91.2,6.98292,83,4.63152
908,Pb,Sb,A,0.99968,0.5279,0.99997,0.9994,0.4358800000000001,-3.4759300000000004,2.08,6.6709,1.0412,1.8032,0.96,0.45,1.45,0.83,35.1,6.0504,82,3.12658
910,Bi,Ga,A,0.99964,1.07539,0.99978,0.99885,4.43993,-1.84545,1.68,7.9894,1.7888,0.1686,0.92,0.43799999999999994,1.3,0.76,91.2,6.49404,83,3.59847
911,Pb,Sn,A,0.99949,3.47822,0.99993,0.99866,4.52349,-0.92284,1.84,6.6709,1.0412,1.0258,0.96,0.45,1.45,0.83,35.1,5.90649,82,4.92356
914,Pb,In,A,0.99951,3.70923,0.99983,0.99055,6.03839,-0.57358,1.6,6.6709,1.0412,0.2822,0.96,0.45,1.55,0.94,35.1,5.53233,82,5.98694
916,Pb,Ge,A,0.9994,3.92954,0.99997,0.99939,3.8514,-1.28347,1.92,6.6709,1.0412,0.934,0.96,0.45,1.25,0.77,35.1,5.9867,82,4.36155
918,Pb,Ga,A,0.99936,4.2644199999999985,0.99983,0.99876,6.23302,-0.65289,1.68,6.6709,1.0412,0.1686,0.96,0.45,1.3,0.76,35.1,5.56757,82,5.76034
920,Pb,Fe,A,0.9996,2.72227,0.7710600000000001,0.4029,-53.648,-2.61328,0.99,6.6709,1.0412,2.3040000000000003,0.96,0.45,1.4,0.8525,35.1,5.83903,82,3.92429
922,Pb,Al,A,0.99909,4.41929,0.0,0.0,7.89465,-0.8513,1.66,6.6709,1.0412,0.2572,0.96,0.45,1.25,0.675,35.1,5.57797,82,5.33501
924,Pb,Mn,A,0.99962,2.31248,0.65259,0.34469,-48.87543,-2.95328,0.94,6.6709,1.0412,1.8221,0.96,0.45,1.4,0.6483300000000001,35.1,5.73779,82,3.51891
926,Pb,Re,A,0.99971,0.11334,0.63647,0.35162,-43.20246,-4.5402,0.94,6.6709,1.0412,2.7319,0.96,0.45,1.35,0.7125,35.1,5.82748,82,2.64326
928,Pb,Mo,A,0.99964,0.27702,0.51225,0.34656,-36.22578,-4.23525,0.88,6.6709,1.0412,1.3549,0.96,0.45,1.45,0.775,35.1,5.7922699999999985,82,2.65821
930,Pb,W,A,0.99964,-0.13172,0.48652,0.33443,-39.68078,-4.74708,0.885,6.6709,1.0412,1.9369,0.96,0.45,1.35,0.76667,35.1,5.93371,82,3.26025
932,Pb,Cr,A,0.99962,1.86884,0.51804,0.34244,-44.17744,-3.27515,0.89,6.6709,1.0412,1.3828,0.96,0.45,1.4,0.94,35.1,5.73779,82,3.0432
934,Bi,Fe,A,0.99983,-0.06856,0.8220000000000001,0.325,-53.29446,-3.51012,0.99,7.9894,1.7888,2.3040000000000003,0.92,0.43799999999999994,1.4,0.8525,91.2,6.8106800000000005,83,3.4059699999999995
937,Bi,Cr,A,0.99983,-0.79322,0.52818,0.30933,-43.8776,-4.15229,0.89,7.9894,1.7888,1.3828,0.92,0.43799999999999994,1.4,0.94,91.2,6.69258,83,3.45473
939,Bi,Mo,A,0.99983,-0.98268,0.5194,0.34566,-36.22124,-4.33355,0.88,7.9894,1.7888,1.3549,0.92,0.43799999999999994,1.45,0.775,91.2,6.7561300000000015,83,3.2561400000000003
941,Bi,Nb,A,0.99977,-0.95459,0.35506,0.32999,-32.21029,-4.18016,0.82,7.9894,1.7888,0.0864,0.92,0.43799999999999994,1.45,0.82,91.2,6.7904300000000015,83,4.70432
943,Bi,Ta,A,0.99976,-1.07454,0.32142,0.32301,-35.99071,-4.47936,0.83,7.9894,1.7888,1.1716,0.92,0.43799999999999994,1.45,0.82,91.2,6.827369999999998,83,4.60375
945,Bi,V,A,0.99984,-0.99452,0.37846,0.28211,-39.15102,-4.25661,0.84,7.9894,1.7888,0.0,0.92,0.43799999999999994,1.35,0.7775,91.2,6.64884,83,3.66774
948,Sb,Sb,A,0.99993,-0.24125,0.99993,0.99997,-0.24125,-3.60969,2.08,8.3266,1.8032,1.8032,0.83,0.335,1.45,0.83,103.2,6.3200400000000005,51,5.26636
949,Sb,Sb,A,0.99993,-0.24125,0.99993,0.99997,-0.24125,-3.60969,2.08,8.3266,1.8032,1.8032,0.83,0.335,1.45,0.83,103.2,6.3200400000000005,51,5.26636
951,Bi,Zr,A,0.99974,-0.70111,0.19002,0.29501,-26.91139,-3.26761,0.76,7.9894,1.7888,0.0,0.92,0.43799999999999994,1.55,0.86,91.2,6.66355,83,4.7366800000000016
953,Bi,Sc,A,0.99976,0.5666,0.11925,0.2281,-24.94895,-1.35745,0.74,7.9894,1.7888,0.0,0.92,0.43799999999999994,1.6,0.885,91.2,6.5499,83,4.49585
955,Bi,Ti,A,0.9998,-0.90831,0.20228,0.27594,-34.2928,-3.97117,0.79,7.9894,1.7888,0.2526,0.92,0.43799999999999994,1.4,0.85167,91.2,6.59248,83,4.50201
957,Bi,Hf,A,0.99968,-0.68291,0.19606,0.30197,-30.56244,-3.38099,0.775,7.9894,1.7888,0.4432,0.92,0.43799999999999994,1.55,0.85,91.2,6.72112,83,4.68521
959,Sb,Sn,A,0.99989,-0.54432,0.99991,0.99877,1.68924,-3.35365,1.84,8.3266,1.8032,1.0258,0.83,0.335,1.45,0.83,103.2,6.16971,51,5.05847
961,Sb,In,A,0.9999,0.31726,0.99948,0.99779,3.72832,-1.49778,1.6,8.3266,1.8032,0.2822,0.83,0.335,1.55,0.94,103.2,5.77888,51,6.00312
963,Sb,Ge,A,0.99988,-0.7812100000000001,0.99997,0.99943,0.8583700000000001,-4.03412,1.92,8.3266,1.8032,0.934,0.83,0.335,1.25,0.77,103.2,6.25349,51,4.88512
965,Sb,Fe,A,0.99994,-0.38657,0.83226,0.32725,-53.32368,-3.65373,0.99,8.3266,1.8032,2.3040000000000003,0.83,0.335,1.4,0.8525,103.2,6.09925,51,4.1959
967,Sb,Ga,A,0.99985,0.8640100000000001,0.99973,0.99893,3.76874,-1.77452,1.68,8.3266,1.8032,0.1686,0.83,0.335,1.3,0.76,103.2,5.81569,51,4.46373
969,Sb,Al,A,0.99976,1.19135,0.0,0.0,6.795960000000001,-1.7687099999999998,1.66,8.3266,1.8032,0.2572,0.83,0.335,1.25,0.675,103.2,5.82655,51,3.85084
971,Sb,Re,A,0.99995,-1.05723,0.61478,0.35699000000000003,-43.14076,-4.5024,0.94,8.3266,1.8032,2.7319,0.83,0.335,1.35,0.7125,103.2,6.08718,51,3.11885
973,Sb,Mn,A,0.99995,-0.73938,0.66659,0.30546,-48.52918,-3.97637,0.94,8.3266,1.8032,1.8221,0.83,0.335,1.4,0.6483300000000001,103.2,5.99349,51,4.05708
976,Sb,V,A,0.99994,-1.13286,0.36443,0.29039,-39.19985,-4.22876,0.84,8.3266,1.8032,0.0,0.83,0.335,1.35,0.7775,103.2,5.95431,51,3.94029
978,Sb,Cr,A,0.99994,-0.98698,0.55089,0.31711,-43.92056,-4.17349,0.89,8.3266,1.8032,1.3828,0.83,0.335,1.4,0.94,103.2,5.99349,51,3.96902
980,Mg,Ir,A,0.0,-44.58844000000001,0.8611,0.48702,-50.17328,-3.55188,1.05,7.9081,0.0,2.166,0.9,0.0,1.35,0.765,0.0,6.13349,12,4.94992
981,Cs,Ir,A,0.0,-5.64776,0.81013,0.43544,-64.22166,-2.39365,1.05,3.6887,0.5471,2.166,1.71,0.0,1.35,0.765,45.5,5.50292,55,2.3900900000000003
983,Rb,Ir,A,0.0,-8.55835,0.80009,0.49748,-9.99596,-2.57647,1.05,4.0528,0.5794,2.166,1.67,0.71,1.35,0.765,46.9,5.58142,37,2.4703
985,K,Ir,A,0.0,-11.75033,0.82536,0.4981600000000001,-50.93351,-2.83778,1.05,4.2663,0.5992,2.166,1.54,0.37,1.35,0.765,48.4,5.61907,19,2.9087
987,Na,Ir,A,0.0,-23.06652,0.8716200000000001,0.44872,-48.15735,-3.0278,1.05,5.118,0.6796,2.166,1.1,0.0,1.35,0.765,52.8,5.80591,11,4.06539
989,Li,Ir,A,0.0,0.0,0.81166,0.54098,-57.99671,-3.17339,1.05,5.3425,0.7046,2.166,0.985,0.0,1.35,0.765,59.6,5.86969,3,5.62936
991,Mg,Ru,A,0.0,-44.58528,0.74245,0.35165,-43.92882,-3.46817,1.0,7.9081,0.0,1.3893,0.9,0.0,1.3,0.6609999999999999,0.0,5.913869999999998,12,4.7569300000000005
993,Mg,Os,A,0.0,-45.20276,0.73978,0.31183,-47.00266,-3.94755,0.995,7.9081,0.0,3.5529,0.9,0.0,1.3,0.6729999999999999,0.0,6.01545,12,4.21626
995,Sr,Ru,A,0.0,-16.33905,0.8192299999999999,0.45435,-52.61294,-3.3127800000000005,1.0,5.7777,0.0,1.3893,1.42,0.633,1.3,0.6609999999999999,5.03,5.2152,38,2.49613
997,Y,Ru,A,0.13957999999999998,-24.30472,0.8862700000000001,0.42462,-40.12472,-4.17899,1.0,6.5236,0.0,1.3893,1.32,0.58,1.3,0.6609999999999999,29.6,5.7256300000000016,39,3.63631
999,V,Ru,A,0.20809,-40.72671,0.8533,0.47363,-43.57938,-4.46139,1.0,6.4707,0.0,1.3893,1.09,0.26,1.3,0.6609999999999999,50.6,5.86578,23,6.51219
1001,Mn,Ru,A,0.5586399999999999,-47.65303,0.76581,0.37703,-43.80032,-4.52969,1.0,8.2684,1.8221,1.3893,0.99,0.23,1.3,0.6609999999999999,0.0,5.90437,25,6.45867
1003,Mn,Os,A,0.52564,-47.61561,0.78604,0.35805,-47.18784,-4.34909,0.995,8.2684,1.8221,3.5529,0.99,0.23,1.3,0.6729999999999999,0.0,6.0058,25,6.06601
1005,Hg,Ir,A,0.99789,-12.47878,0.89008,0.46201,-58.31516,-2.88522,1.05,8.6343,0.0,2.166,1.07,0.475,1.35,0.765,0.0,6.47318,80,5.18939
1007,Cd,Ir,A,0.99905,-63.37169,0.84075,0.46853,-50.50654,-3.60787,1.05,8.6893,0.0,2.166,0.985,0.37,1.35,0.765,0.0,6.3124699999999985,48,4.43588
1009,Zn,Ir,A,0.99973,-79.25116,0.8597,0.5099,-86.10898,-4.44061,1.05,9.6186,0.0,2.166,0.82,0.175,1.35,0.765,0.0,6.34707,30,5.64564
1011,Ag,Ir,A,0.99248,-15.951429999999998,0.83245,0.43483,-50.37378,-3.32079,1.05,7.1384,1.2177,2.166,1.045,0.385,1.35,0.765,125.6,6.34422,47,4.7778800000000015
1013,Mn,Ir,A,0.6244,-47.71761,0.85315,0.49105,-50.78361,-4.60743,1.05,8.2684,1.8221,2.166,0.99,0.23,1.35,0.765,0.0,6.12365,25,6.977
1015,Cr,Ir,A,0.29896,-43.49811,0.81666,0.45827,-53.32501,-3.83277,1.05,6.7401,1.3828,2.166,1.07,0.25,1.35,0.765,64.3,6.12365,24,6.98124
1017,V,Ir,A,0.34579,-38.94775,0.92273,0.49633,-36.6017,-4.477519999999998,1.05,6.4707,0.0,2.166,1.09,0.26,1.35,0.765,50.6,6.08362,23,7.018489999999999
1019,Y,Ir,A,0.15659,-24.5257,0.93786,0.42568,-54.42462,-4.39119,1.05,6.5236,0.0,2.166,1.32,0.58,1.35,0.765,29.6,5.938269999999998,39,3.03332
1021,Ba,Ir,A,0.0,-11.06371,0.8746,0.46132,-49.13786,-2.81931,1.05,5.1752,0.0797,2.166,1.515,0.94,1.35,0.765,13.95,5.60975,56,1.8926
1023,Sr,Ir,A,0.0,-16.40792,0.8193799999999999,0.39576,-53.23765,-2.98849,1.05,5.7777,0.0,2.166,1.42,0.633,1.35,0.765,5.03,5.40888,38,2.5556400000000004
1025,Ca,Ir,A,0.0,-22.03872,0.8776700000000001,0.36589,-4.85198,-3.06389,1.05,6.2588,0.0,2.166,1.32,0.34,1.35,0.765,2.37,5.5129800000000015,20,3.4119
1028,K,Ru,A,0.0,-11.61914,0.70699,0.56306,-48.72663,-2.98302,1.0,4.2663,0.5992,1.3893,1.54,0.37,1.3,0.6609999999999999,48.4,5.41787,19,2.82992
1029,Na,Os,A,0.0,-23.9744,0.69175,0.37509,-45.0365,-3.7851,0.995,5.118,0.6796,3.5529,1.1,0.0,1.3,0.6729999999999999,52.8,5.69418,11,3.40297
1031,Sb,Ir,A,0.91303,-0.8433200000000001,0.93885,0.46238,-50.04467,-4.31255,1.05,8.3266,1.8032,2.166,0.83,0.335,1.35,0.765,103.2,6.45728,51,4.49389
1033,Pb,Ir,A,0.9998,2.08766,0.87149,0.4044,-50.03696,-2.9676400000000003,1.05,6.6709,1.0412,2.166,0.96,0.45,1.35,0.765,35.1,6.18179,82,3.72383
1035,Sn,Ir,A,0.99985,1.12831,0.88718,0.3728,-53.38716,-3.03235,1.05,6.8885,1.0258,2.166,0.88,0.345,1.35,0.765,107.3,6.3037,50,4.43711
1037,Ge,Ir,A,0.99989,0.4891,0.82845,0.5015,-11.18506,-3.3820900000000003,1.05,7.4167,0.934,2.166,0.72,0.16,1.35,0.765,119.0,6.3893,32,5.11206
1039,Na,Ru,A,0.0,-23.02116,0.7669699999999999,0.45423,-44.493,-2.83246,1.0,5.118,0.6796,1.3893,1.1,0.0,1.3,0.6609999999999999,52.8,5.59802,11,4.04517
1041,Li,Os,A,0.0,0.0,0.76298,0.45464,-40.4772,-3.60976,0.995,5.3425,0.7046,3.5529,0.985,0.0,1.3,0.6729999999999999,59.6,5.75672,3,4.76907
1043,Li,Ru,A,0.0,0.0,0.79162,0.5088600000000001,-44.45028,-3.21916,1.0,5.3425,0.7046,1.3893,0.985,0.0,1.3,0.6609999999999999,59.6,5.65951,3,5.56233
1045,Bi,Ir,A,0.99969,-0.47102,0.93919,0.29885,-49.21703,-3.64653,1.05,7.9894,1.7888,2.166,0.92,0.43799999999999994,1.35,0.765,91.2,7.21048,83,3.74896
1047,Tl,Ir,A,0.99941,4.08669,0.79964,0.52775,-52.09719000000001,-2.92837,1.05,5.273,0.3103,2.166,1.015,0.46299999999999997,1.35,0.765,19.2,5.9419900000000005,81,3.947130000000001
1049,In,Ir,A,0.99968,3.1171900000000003,0.8612799999999999,0.43533,-50.4717,-3.65353,1.05,5.3782,0.2822,2.166,0.94,0.36,1.35,0.765,28.9,5.90437,49,4.1295199999999985
1051,Ga,Ir,A,0.99985,3.41145,0.8766200000000001,0.44628,-32.61438,-2.86521,1.05,5.6565,0.1686,2.166,0.76,0.17,1.35,0.765,28.9,5.9419900000000005,31,4.53717
1053,Cs,Ru,A,0.0,-5.7157,0.73452,0.43649,-44.22782,-2.51273,1.0,3.6887,0.5471,1.3893,1.71,0.0,1.3,0.6609999999999999,45.5,5.30587,55,2.26413
1055,Rb,Os,A,0.0,-9.40912,0.72015,0.37326,-50.64376,-3.11241,0.995,4.0528,0.5794,3.5529,1.67,0.71,1.3,0.6729999999999999,46.9,5.47401,37,1.7355900000000002
1057,Zn,Ru,A,0.99957,-78.64961,0.75198,0.35663,-44.07125,-3.21569,1.0,9.6186,0.0,1.3893,0.82,0.175,1.3,0.6609999999999999,0.0,6.1198,30,5.52776
1059,Zn,Os,A,0.99955,-79.81114000000002,0.7046100000000001,0.39524,-47.31573,-4.0915,0.995,9.6186,0.0,3.5529,0.82,0.175,1.3,0.6729999999999999,0.0,6.22492,30,4.72127
1061,Hg,Ru,A,0.9982,-15.73581,0.8105899999999999,0.4501,-43.66549000000001,-3.07837,1.0,8.6343,0.0,1.3893,1.07,0.475,1.3,0.6609999999999999,0.0,6.24139,80,5.28045
1063,Ga,Os,A,0.99975,2.80771,0.7461899999999999,0.3451,-47.45146,-3.86376,0.995,5.6565,0.1686,3.5529,0.76,0.17,1.3,0.6729999999999999,28.9,5.82763,31,4.0780400000000006
1065,Tl,Ru,A,0.99922,3.79771,0.7831100000000001,0.41403,-42.21653,-2.67625,1.0,5.273,0.3103,1.3893,1.015,0.46299999999999997,1.3,0.6609999999999999,19.2,5.72922,81,4.0422699999999985
1067,Sn,Os,A,0.99986,0.6254,0.71927,0.3378,-46.83943,-4.1224,0.995,6.8885,1.0258,3.5529,0.88,0.345,1.3,0.6729999999999999,107.3,6.18238,50,3.6066
1069,Pb,Ru,A,0.99954,1.94921,0.78493,0.40912,-46.28576,-2.8311,1.0,6.6709,1.0412,1.3893,0.96,0.45,1.3,0.6609999999999999,35.1,5.96044,82,3.5187800000000005
1071,Sb,Ru,A,0.99998,-0.8237,0.92139,0.27539,-41.17676,-3.50201,1.0,8.3266,1.8032,1.3893,0.83,0.335,1.3,0.6609999999999999,103.2,6.22607,51,4.50071
1073,Rb,Ru,A,0.0,-8.38348,0.67213,0.36465,-44.43617,-2.68169,1.0,4.0528,0.5794,1.3893,1.67,0.71,1.3,0.6609999999999999,46.9,5.38156,37,2.36242
1075,K,Os,A,0.0,-12.48561,0.70015,0.4128,-46.98924,-3.57524,0.995,4.2663,0.5992,3.5529,1.54,0.37,1.3,0.6729999999999999,48.4,5.51093,19,2.21064
1078,Li,Ni,A,0.0,0.0,0.90347,0.59208,-2.88333,-1.58856,1.09,5.3425,0.7046,0.0837,0.985,0.0,1.35,0.74,59.6,5.63413,3,7.118310000000001
1079,Bi,Os,A,0.99994,-0.6984100000000001,0.8287100000000001,0.33267,-77.9802,-4.20338,0.995,7.9894,1.7888,3.5529,0.92,0.43799999999999994,1.3,0.6729999999999999,91.2,7.07171,83,3.5899400000000004
1081,Bi,Ru,A,0.99984,-0.16159,0.87829,0.38873,-46.56684,-3.43338,1.0,7.9894,1.7888,1.3893,0.92,0.43799999999999994,1.3,0.6609999999999999,91.2,6.95229,83,3.80009
1083,Sb,Os,A,0.97516,-0.85414,0.76171,0.35982,-50.41787,-4.01903,0.995,8.3266,1.8032,3.5529,0.83,0.335,1.3,0.6729999999999999,103.2,6.33301,51,4.24184
1085,Pb,Os,A,0.99977,0.69215,0.79225,0.24763,-46.92815,-3.71095,0.995,6.6709,1.0412,3.5529,0.96,0.45,1.3,0.6729999999999999,35.1,6.0628199999999985,82,2.92548
1087,Sn,Ru,A,0.99986,1.81814,0.74895,0.36319,-38.61228,-2.68553,1.0,6.8885,1.0258,1.3893,0.88,0.345,1.3,0.6609999999999999,107.3,6.07798,50,4.2625
1089,Ge,Os,A,0.99999,0.2623,0.77577,0.32096,-52.44914,-3.51115,0.995,7.4167,0.934,3.5529,0.72,0.16,1.3,0.6729999999999999,119.0,6.26633,32,4.37376
1091,Ge,Ru,A,0.9989,0.99504,0.77694,0.47654,-43.95503,-3.44361,1.0,7.4167,0.934,1.3893,0.72,0.16,1.3,0.6609999999999999,119.0,6.16051,32,4.99131
1093,In,Os,A,0.99973,2.7749900000000003,0.73745,0.3717,-56.10485,-3.61781,0.995,5.3782,0.2822,3.5529,0.94,0.36,1.3,0.6729999999999999,28.9,5.79074,49,3.85996
1095,In,Ru,A,0.99975,3.54462,0.7328100000000001,0.51751,-39.36815,-3.16932,1.0,5.3782,0.2822,1.3893,0.94,0.36,1.3,0.6609999999999999,28.9,5.69295,49,4.48163
1097,Ga,Ru,A,0.99972,3.31707,0.79348,0.45408,-44.26292,-3.3430800000000005,1.0,5.6565,0.1686,1.3893,0.76,0.17,1.3,0.6609999999999999,28.9,5.72922,31,5.03313
1099,Hg,Os,A,0.99818,-59.41025,0.66779,0.36147,-42.75277,-3.38931,0.995,8.6343,0.0,3.5529,1.07,0.475,1.3,0.6729999999999999,0.0,6.34861,80,5.52501
1101,Cd,Os,A,0.99957,-63.7439,0.74288,0.35869,-47.01487,-3.91343,0.995,8.6893,0.0,3.5529,0.985,0.37,1.3,0.6729999999999999,0.0,6.1909800000000015,48,4.37257
1103,Cd,Ru,A,0.99946,-63.55877,0.78413,0.39325,-44.05283,-3.5592,1.0,8.6893,0.0,1.3893,0.985,0.37,1.3,0.6609999999999999,0.0,6.08643,48,4.50129
1105,Ag,Os,A,0.99596,-54.49574000000001,0.6731199999999999,0.36872,-47.52451,-3.65105,0.995,7.1384,1.2177,3.5529,1.045,0.385,1.3,0.6729999999999999,125.6,6.2221199999999985,47,4.21862
1107,Ag,Ru,A,0.99339,-53.77155,0.76298,0.37756,-44.48022,-3.0998,1.0,7.1384,1.2177,1.3893,1.045,0.385,1.3,0.6609999999999999,125.6,6.11705,47,4.72032
1109,La,Os,A,0.32501,-17.08824,0.8746799999999999,0.60475,-43.49234000000001,-5.34397,0.995,4.8037,1.6693,3.5529,1.375,0.8740000000000001,1.3,0.6729999999999999,48.0,5.79074,57,2.64068
1111,La,Ru,A,0.36224,-16.54319,0.86808,0.33349,-43.43828,-4.33638,1.0,4.8037,1.6693,1.3893,1.375,0.8740000000000001,1.3,0.6609999999999999,48.0,5.69295,57,2.68512
1113,Cr,Os,A,0.32919,-55.20881,0.75957,0.42487,-46.95129,-5.15661,0.995,6.7401,1.3828,3.5529,1.07,0.25,1.3,0.6729999999999999,64.3,6.0058,24,6.01035
1115,Ba,Os,A,0.0,-11.93293,0.76986,0.49258,-4.5343300000000015,-3.84317,0.995,5.1752,0.0797,3.5529,1.515,0.94,1.3,0.6729999999999999,13.95,5.50179,56,1.24758
1117,Ba,Ru,A,0.0,-11.03991,0.7751100000000001,0.35763,-43.85671,-3.24087,1.0,5.1752,0.0797,1.3893,1.515,0.94,1.3,0.6609999999999999,13.95,5.40888,56,1.83015
1119,Sr,Os,A,0.0,-17.106279999999998,0.79401,0.38888,-46.48878,-4.33605,0.995,5.7777,0.0,3.5529,1.42,0.633,1.3,0.6729999999999999,5.03,5.3047900000000014,38,1.90928
1121,Tl,Os,A,0.99925,3.87735,0.7619,0.45156,-35.84479,-3.38375,0.995,5.273,0.3103,3.5529,1.015,0.46299999999999997,1.3,0.6729999999999999,19.2,5.82763,81,3.4135
1123,Ca,Os,A,0.0,-22.94896,0.79288,0.42215,-45.75128,-4.3735800000000005,0.995,6.2588,0.0,3.5529,1.32,0.34,1.3,0.6729999999999999,2.37,5.40688,20,2.69942
1125,Ca,Ru,A,0.0,-22.08746,0.7621100000000001,0.43132,-44.05903,-3.46282,1.0,6.2588,0.0,1.3893,1.32,0.34,1.3,0.6609999999999999,2.37,5.31557,20,3.28306
1127,Cs,Os,A,0.0,-6.0075,0.64486,0.40201,-47.03089,-3.1019,0.995,3.6887,0.5471,3.5529,1.71,0.0,1.3,0.6729999999999999,45.5,5.39701,55,1.6439400000000002
1130,Sb,Ni,A,1.00021,0.46698,0.98579,0.57916,-64.1142,-2.6988,1.09,8.3266,1.8032,0.0837,0.83,0.335,1.35,0.74,103.2,6.19814,51,4.49308
1131,Cr,Ru,A,0.52958,-43.2956,0.7945300000000001,0.44924,-43.88354,-3.74961,1.0,6.7401,1.3828,1.3893,1.07,0.25,1.3,0.6609999999999999,64.3,5.90437,24,6.43533
1133,V,Os,A,0.18913,-38.81991,0.7812899999999999,0.35039000000000003,-51.44993,-4.41181,0.995,6.4707,0.0,3.5529,1.09,0.26,1.3,0.6729999999999999,50.6,5.96654,23,5.95218
1135,Y,Os,A,0.14062,-24.72946,0.8714799999999999,0.34649,-46.29374,-4.88098,0.995,6.5236,0.0,3.5529,1.32,0.58,1.3,0.6729999999999999,29.6,5.8239800000000015,39,3.66531
1137,Pb,Ni,A,0.9996,3.11629,0.8949299999999999,0.6138600000000001,-39.149,-1.7728400000000002,1.09,6.6709,1.0412,0.0837,0.96,0.45,1.35,0.74,35.1,5.93371,82,4.64081
1139,Sn,Ni,A,0.99987,3.21522,0.93213,0.75531,-64.29464,-2.60358,1.09,6.8885,1.0258,0.0837,0.88,0.345,1.35,0.74,107.3,6.05072,50,5.1408
1141,Ge,Ni,A,1.00011,1.8841900000000005,0.94992,0.64666,-57.63021,-2.24955,1.09,7.4167,0.934,0.0837,0.72,0.16,1.35,0.74,119.0,6.13289,32,5.99578
1143,Tl,Ni,A,0.99893,4.72048,0.94322,0.6618,-24.5043,-1.6880400000000002,1.09,5.273,0.3103,0.0837,1.015,0.46299999999999997,1.35,0.74,19.2,5.70352,81,4.99103
1145,In,Ni,A,0.99964,4.3238900000000005,0.97517,0.52008,-64.30564,-1.90329,1.09,5.3782,0.2822,0.0837,0.94,0.36,1.35,0.74,28.9,5.66742,49,4.81091
1147,Ga,Ni,A,0.99991,3.86212,0.96664,0.65474,-64.2776,-1.92109,1.09,5.6565,0.1686,0.0837,0.76,0.17,1.35,0.74,28.9,5.70352,31,6.01296
1149,Hg,Ni,A,0.99391,-65.10710999999999,0.95464,0.58312,-29.81137,-2.08164,1.09,8.6343,0.0,0.0837,1.07,0.475,1.35,0.74,0.0,6.2134,80,5.59195
1151,Cd,Ni,A,0.997,-104.66915,0.92902,0.6999,-22.21261,-2.11563,1.09,8.6893,0.0,0.0837,0.985,0.37,1.35,0.74,0.0,6.05914,48,5.35255
1153,Zn,Ni,A,0.99901,-95.12143,0.95395,0.6068899999999999,-61.77209000000001,-2.28999,1.09,9.6186,0.0,0.0837,0.82,0.175,1.35,0.74,0.0,6.09236,30,6.4670000000000005
1155,Ag,Ni,A,0.95874,291.90563,0.92236,0.5614899999999999,-9.07779,-1.79338,1.09,7.1384,1.2177,0.0837,1.045,0.385,1.35,0.74,125.6,6.08962,47,5.47519
1157,Mn,Ni,A,0.5626899999999999,-48.13154,0.96604,0.6089,-66.19346999999999,-3.13437,1.09,8.2684,1.8221,0.0837,0.99,0.23,1.35,0.74,0.0,5.8779,25,6.27991
1159,La,Ni,A,0.61861,-14.33549,0.99585,0.5733199999999999,-63.96984000000001,-3.05704,1.09,4.8037,1.6693,0.0837,1.375,0.8740000000000001,1.35,0.74,48.0,5.66742,57,2.82091
1161,Cr,Ni,A,0.4567600000000001,-41.73129,0.96198,0.71642,315.13208,-3.27946,1.09,6.7401,1.3828,0.0837,1.07,0.25,1.35,0.74,64.3,5.8779,24,5.98466
1163,V,Ni,A,0.29063,-39.34287,0.96401,0.68514,-10.34774,-3.49561,1.09,6.4707,0.0,0.0837,1.09,0.26,1.35,0.74,50.6,5.83948,23,5.66607
1165,Y,Ni,A,0.11900000000000001,-22.14904,0.98972,0.4855,-64.99179000000001,-2.45618,1.09,6.5236,0.0,0.0837,1.32,0.58,1.35,0.74,29.6,5.69996,39,3.2869900000000003
1167,Ba,Ni,A,0.0,-9.15704,0.92435,0.59867,-67.72351,-1.33549,1.09,5.1752,0.0797,0.0837,1.515,0.94,1.35,0.74,13.95,5.3846300000000005,56,2.92619
1170,Mg,Ni,A,0.0,-42.06014,0.95415,0.6351399999999999,-64.08679000000001,-2.0879,1.09,7.9081,0.0,0.0837,0.9,0.0,1.35,0.74,0.0,5.88735,12,5.86502
1171,Cs,Ni,A,0.0,-4.8704,0.94745,0.8111,-64.55368,-1.7331900000000002,1.09,3.6887,0.5471,0.0837,1.71,0.0,1.35,0.74,45.5,5.2820800000000006,55,3.2979
1173,Rb,Ni,A,0.0,-6.78159,0.8849899999999999,0.6311899999999999,-64.84885,-1.14553,1.09,4.0528,0.5794,0.0837,1.67,0.71,1.35,0.74,46.9,5.35743,37,3.06241
1175,K,Ni,A,0.0,-9.75825,0.8859100000000001,0.70325,-64.82059,-1.52429,1.09,4.2663,0.5992,0.0837,1.54,0.37,1.35,0.74,48.4,5.39357,19,3.98053
1177,Na,Ni,A,0.0,-20.99248,0.90817,0.62793,-108.41991000000002,-1.53157,1.09,5.118,0.6796,0.0837,1.1,0.0,1.35,0.74,52.8,5.57291,11,5.17122
1180,Mn,Co,A,0.5362,-48.08244000000001,0.93096,0.46915,-5.84747,-3.58021,1.04,8.2684,1.8221,2.7695,0.99,0.23,1.35,0.7683300000000001,0.0,5.85093,25,6.07106
1181,La,Co,A,0.64102,-14.89702,0.9214,0.39783,-59.00707,-3.07432,1.04,4.8037,1.6693,2.7695,1.375,0.8740000000000001,1.35,0.7683300000000001,48.0,5.6414300000000015,57,2.2566200000000003
1184,Cr,Co,A,0.34379,-43.62249,0.89359,0.55833,-39.91774,-3.62352,1.04,6.7401,1.3828,2.7695,1.07,0.25,1.35,0.7683300000000001,64.3,5.85093,24,5.7283800000000005
1186,V,Co,A,0.30971,-39.26809,0.94149,0.44644,-58.76595,-3.89157,1.04,6.4707,0.0,2.7695,1.09,0.26,1.35,0.7683300000000001,50.6,5.81269,23,5.4268
1187,Y,Co,A,0.13952,-22.51733,0.96337,0.40952,-1.93462,-2.9618,1.04,6.5236,0.0,2.7695,1.32,0.58,1.35,0.7683300000000001,29.6,5.67381,39,2.80256
1189,Ba,Co,A,0.0,-9.35737,0.81766,0.5795399999999999,-62.31367,-1.86804,1.04,5.1752,0.0797,2.7695,1.515,0.94,1.35,0.7683300000000001,13.95,5.35993,56,2.54955
1191,Sr,Co,A,0.0,-14.2264,0.8357100000000001,0.5364899999999999,-1.11881,-2.01143,1.04,5.7777,0.0,2.7695,1.42,0.633,1.35,0.7683300000000001,5.03,5.167999999999999,38,3.23969
1193,Ca,Co,A,0.0,-19.72845,0.87329,0.54382,-42.57985,-2.23197,1.04,6.2588,0.0,2.7695,1.32,0.34,1.35,0.7683300000000001,2.37,5.26746,20,4.02346
1195,Mg,Co,A,0.0,-51.92868,0.8910299999999999,0.50563,-59.18091999999999,-2.64641,1.04,7.9081,0.0,2.7695,0.9,0.0,1.35,0.7683300000000001,0.0,5.86034,12,5.43947
1197,Cs,Co,A,0.0,-4.88914,0.8487899999999999,0.68721,-58.03927,-1.98165,1.04,3.6887,0.5471,2.7695,1.71,0.0,1.35,0.7683300000000001,45.5,5.25785,55,2.90568
1199,Rb,Co,A,0.0,-7.0812,0.7500100000000001,0.54356,-59.25713,-1.70752,1.04,4.0528,0.5794,2.7695,1.67,0.71,1.35,0.7683300000000001,46.9,5.33285,37,3.02629
1201,K,Co,A,0.0,-9.99088,0.8541700000000001,0.57934,-59.35882,-1.87551,1.04,4.2663,0.5992,2.7695,1.54,0.37,1.35,0.7683300000000001,48.4,5.36883,19,3.53202
1203,Na,Co,A,0.0,-21.25383,0.82719,0.47492,-61.32526,-1.77313,1.04,5.118,0.6796,2.7695,1.1,0.0,1.35,0.7683300000000001,52.8,5.54735,11,4.81804
1205,Li,Co,A,0.0,0.0,0.8254799999999999,0.40696,37.9114,-2.0158,1.04,5.3425,0.7046,2.7695,0.985,0.0,1.35,0.7683300000000001,59.6,5.6082800000000015,3,6.725230000000002
1207,Bi,Ni,A,0.99964,1.10797,0.98593,0.6230899999999999,-64.00956,-2.72638,1.09,7.9894,1.7888,0.0837,0.92,0.43799999999999994,1.35,0.74,91.2,6.9211100000000005,83,3.77693
1210,Bi,Co,A,0.99983,0.95937,0.9662,0.44294,-58.97933,-2.6143,1.04,7.9894,1.7888,2.7695,0.92,0.43799999999999994,1.35,0.7683300000000001,91.2,6.889360000000001,83,3.61499
1212,Sb,Co,A,1.00153,0.20872,0.92093,0.42147,-59.65785,-3.02956,1.04,8.3266,1.8032,2.7695,0.83,0.335,1.35,0.7683300000000001,103.2,6.16971,51,4.4329800000000015
1213,Pb,Co,A,0.9997,2.69966,0.89225,0.47115,-48.86457,-2.31307,1.04,6.6709,1.0412,2.7695,0.96,0.45,1.35,0.7683300000000001,35.1,5.90649,82,4.29665
1215,Sn,Co,A,0.99983,2.66329,0.92658,0.40543,-58.83152,-2.66757,1.04,6.8885,1.0258,2.7695,0.88,0.345,1.35,0.7683300000000001,107.3,6.0229599999999985,50,4.84525
1217,Sr,Ni,A,0.0,-13.7956,0.88513,0.51752,-2.43201,-1.59113,1.09,5.7777,0.0,0.0837,1.42,0.633,1.35,0.74,5.03,5.19182,38,3.65878
1219,Ca,Ni,A,0.0,-19.37433,0.93523,0.55307,-39.80235,-1.63963,1.09,6.2588,0.0,0.0837,1.32,0.34,1.35,0.74,2.37,5.29173,20,4.46002
1221,Ge,Co,A,0.99606,2.36025,0.88694,0.63244,-58.96458000000001,-2.41791,1.04,7.4167,0.934,2.7695,0.72,0.16,1.35,0.7683300000000001,119.0,6.10475,32,5.75471
1223,Tl,Co,A,0.99885,4.51322,0.81439,0.45267,-36.38662,-1.93298,1.04,5.273,0.3103,2.7695,1.015,0.46299999999999997,1.35,0.7683300000000001,19.2,5.67736,81,4.6368800000000014
1225,In,Co,A,0.99954,3.639580000000001,0.90238,0.36529,-58.81535,-2.70227,1.04,5.3782,0.2822,2.7695,0.94,0.36,1.35,0.7683300000000001,28.9,5.6414300000000015,49,4.83616
1227,Ga,Co,A,0.99978,4.2824300000000015,0.82011,0.4532,-59.06411,-2.23716,1.04,5.6565,0.1686,2.7695,0.76,0.17,1.35,0.7683300000000001,28.9,5.67736,31,6.04362
1229,Hg,Co,A,0.99456,-1.34389,0.8878799999999999,0.52864,-58.94927,-2.60973,1.04,8.6343,0.0,2.7695,1.07,0.475,1.35,0.7683300000000001,0.0,6.1849,80,5.22345
1231,Cd,Co,A,0.9985,-62.20903000000001,0.84505,0.48687,-2.74176,-2.4256900000000003,1.04,8.6893,0.0,2.7695,0.985,0.37,1.35,0.7683300000000001,0.0,6.03134,48,4.95511
1233,Zn,Co,A,0.99894,70.54205999999998,0.8681399999999999,0.50415,-58.38663,-2.6842,1.04,9.6186,0.0,2.7695,0.82,0.175,1.35,0.7683300000000001,0.0,6.06441,30,6.03316
1235,Ag,Co,A,0.95721,-44.22898,0.88126,0.58417,-6.59273,-2.66324,1.04,7.1384,1.2177,2.7695,1.045,0.385,1.35,0.7683300000000001,125.6,6.06168,47,5.18726
